email,user_name,domain_name,birth_year,length,has_dot,has_hyphen,has_underscore,has_capital,has_special
Elody_OConner51@gmail.com,Elody_OConner51,gmail.com,1951.0,15,False,False,True,True,True
lily.long85@yahoo.com,lily.long85,yahoo.com,1985.0,11,True,False,False,False,True
simon.ward@protonmail.com,simon.ward,protonmail.com,,10,True,False,False,False,True
benjamin.phillips@hotmail.com,benjamin.phillips,hotmail.com,,17,True,False,False,False,True
robert.walker@aol.com,robert.walker,aol.com,,13,True,False,False,False,True
samantha_turner1987@gmail.com,samantha_turner1987,gmail.com,1987.0,19,False,False,True,False,True
matthew7843@icloud.com,matthew7843,icloud.com,1978.0,11,False,False,False,False,False
matthew.lewis@gmail.com,matthew.lewis,gmail.com,,13,True,False,False,False,True
Jerrod_Considine79@yahoo.com,Jerrod_Considine79,yahoo.com,1979.0,18,False,False,True,True,True
Beverly_Renner@outlook.com,Beverly_Renner,outlook.com,,14,False,False,True,True,True
smith.kelly1996@aol.com,smith.kelly1996,aol.com,1996.0,15,True,False,False,False,True
michael.kane1986@hotmail.com,michael.kane1986,hotmail.com,1986.0,16,True,False,False,False,True
Dock_King@yahoo.com,Dock_King,yahoo.com,,9,False,False,True,True,True
Elmo_Weissnat@mail.com,Elmo_Weissnat,mail.com,,13,False,False,True,True,True
Nils_Pacocha24@tutanota.com,Nils_Pacocha24,tutanota.com,1924.0,14,False,False,True,True,True
claire_harris9987@outlook.com,claire_harris9987,outlook.com,1999.0,17,False,False,True,False,True
peter.jackson@aol.com,peter.jackson,aol.com,,13,True,False,False,False,True
paul.baker@aol.com,paul.baker,aol.com,,10,True,False,False,False,True
Maiya.Huel47@aol.com,Maiya.Huel47,aol.com,1947.0,12,True,False,False,True,True
zoe1983_barnes@aol.com,zoe1983_barnes,aol.com,1983.0,14,False,False,True,False,True
Jaclyn.Littel@aol.com,Jaclyn.Littel,aol.com,,13,True,False,False,True,True
mary.green@yahoo.com,mary.green,yahoo.com,,10,True,False,False,False,True
mandy.04@gmail.com,mandy.04,gmail.com,2004.0,8,True,False,False,False,True
laura.foster@icloud.com,laura.foster,icloud.com,,12,True,False,False,False,True
jessica.evans04@gmail.com,jessica.evans04,gmail.com,2004.0,15,True,False,False,False,True
nathan.james95@outlook.com,nathan.james95,outlook.com,1995.0,14,True,False,False,False,True
Raina.OHara70@outlook.com,Raina.OHara70,outlook.com,1970.0,13,True,False,False,True,True
luke_barnes2006@gmail.com,luke_barnes2006,gmail.com,2006.0,15,False,False,True,False,True
nathan.brooks@icloud.com,nathan.brooks,icloud.com,,13,True,False,False,False,True
matthew.roberts@protonmail.com,matthew.roberts,protonmail.com,,15,True,False,False,False,True
susan.brown@gmail.com,susan.brown,gmail.com,,11,True,False,False,False,True
natalie9872_smith@yahoo.com,natalie9872_smith,yahoo.com,1998.0,17,False,False,True,False,True
peter.ward@gmail.com,peter.ward,gmail.com,,10,True,False,False,False,True
rebecca.thomas@hotmail.com,rebecca.thomas,hotmail.com,,14,True,False,False,False,True
amelia.simmons@yahoo.com,amelia.simmons,yahoo.com,,14,True,False,False,False,True
carter85_burn@hotmail.com,carter85_burn,hotmail.com,1985.0,13,False,False,True,False,True
amanda78_flash@hotmail.com,amanda78_flash,hotmail.com,1978.0,14,False,False,True,False,True
Ernie88@icloud.com,Ernie88,icloud.com,1988.0,7,False,False,False,True,False
sophia.brown@hotmail.com,sophia.brown,hotmail.com,,12,True,False,False,False,True
Kennedy.Schmidt59@gmail.com,Kennedy.Schmidt59,gmail.com,1959.0,17,True,False,False,True,True
james1980_clark@gmail.com,james1980_clark,gmail.com,1980.0,15,False,False,True,False,True
Morris_Vandervort@gmail.com,Morris_Vandervort,gmail.com,,17,False,False,True,True,True
Ayden28@yahoo.com,Ayden28,yahoo.com,1928.0,7,False,False,False,True,False
zoe_richards1995@gmail.com,zoe_richards1995,gmail.com,1995.0,16,False,False,True,False,True
hailey1998_turner@gmail.com,hailey1998_turner,gmail.com,1998.0,17,False,False,True,False,True
anna.harris@icloud.com,anna.harris,icloud.com,,11,True,False,False,False,True
david.roberts81@gmail.com,david.roberts81,gmail.com,1981.0,15,True,False,False,False,True
alice.evans@icloud.com,alice.evans,icloud.com,,11,True,False,False,False,True
Jose_Hayes62@mail.com,Jose_Hayes62,mail.com,1962.0,12,False,False,True,True,True
victoria_carter1984@yahoo.com,victoria_carter1984,yahoo.com,1984.0,19,False,False,True,False,True
robert.mitchell@gmail.com,robert.mitchell,gmail.com,,15,True,False,False,False,True
eliza.brooks1702@gmail.com,eliza.brooks1702,gmail.com,1970.0,16,True,False,False,False,True
emily.wood1696@gmail.com,emily.wood1696,gmail.com,1969.0,14,True,False,False,False,True
alexis43_flare@gmail.com,alexis43_flare,gmail.com,1943.0,14,False,False,True,False,True
Roel37@yahoo.com,Roel37,yahoo.com,1937.0,6,False,False,False,True,False
david66_glow@hotmail.com,david66_glow,hotmail.com,1966.0,12,False,False,True,False,True
madeline1986_ross@aol.com,madeline1986_ross,aol.com,1986.0,17,False,False,True,False,True
samantha1996_green@icloud.com,samantha1996_green,icloud.com,1996.0,18,False,False,True,False,True
madison1991_bell@outlook.com,madison1991_bell,outlook.com,1991.0,16,False,False,True,False,True
john.morris@gmail.com,john.morris,gmail.com,,11,True,False,False,False,True
Clement.Stamm37@gmail.com,Clement.Stamm37,gmail.com,1937.0,15,True,False,False,True,True
emma.johnson1999@outlook.com,emma.johnson1999,outlook.com,1999.0,16,True,False,False,False,True
Alanna.Bode-Altenwerth66@yahoo.com,Alanna.Bode-Altenwerth66,yahoo.com,1966.0,24,True,True,False,True,True
rebecca.scott@outlook.com,rebecca.scott,outlook.com,,13,True,False,False,False,True
Chanelle71@outlook.com,Chanelle71,outlook.com,1971.0,10,False,False,False,True,False
martha@wright@yahoo.com,martha@wright,yahoo.com,,13,False,False,False,False,True
logan_turner1998@outlook.com,logan_turner1998,outlook.com,1998.0,16,False,False,True,False,True
emily.smith06@outlook.com,emily.smith06,outlook.com,2006.0,13,True,False,False,False,True
kevin_2003thompson@gmail.com,kevin_2003thompson,gmail.com,2003.0,18,False,False,True,False,True
mark.smith2004@gmail.com,mark.smith2004,gmail.com,2004.0,14,True,False,False,False,True
Kameron21@mail.com,Kameron21,mail.com,1921.0,9,False,False,False,True,False
thomas.hall@gmail.com,thomas.hall,gmail.com,,11,True,False,False,False,True
logan.turner98@outlook.com,logan.turner98,outlook.com,1998.0,14,True,False,False,False,True
Joana.Zboncak@icloud.com,Joana.Zboncak,icloud.com,,13,True,False,False,True,True
rachel.perez45@icloud.com,rachel.perez45,icloud.com,1945.0,14,True,False,False,False,True
Giovanni_Tremblay60@aol.com,Giovanni_Tremblay60,aol.com,1960.0,19,False,False,True,True,True
megan.wilson21@hotmail.com,megan.wilson21,hotmail.com,1921.0,14,True,False,False,False,True
rebecca.bryant@protonmail.com,rebecca.bryant,protonmail.com,,14,True,False,False,False,True
Neal.McGlynn@gmail.com,Neal.McGlynn,gmail.com,,12,True,False,False,True,True
rachel11_flare@icloud.com,rachel11_flare,icloud.com,,14,False,False,True,False,True
david.roberts81@gmail.com,david.roberts81,gmail.com,1981.0,15,True,False,False,False,True
Mekhi60@icloud.com,Mekhi60,icloud.com,1960.0,7,False,False,False,True,False
Evan93@yahoo.com,Evan93,yahoo.com,1993.0,6,False,False,False,True,False
rachel.bailey1723@gmail.com,rachel.bailey1723,gmail.com,1972.0,17,True,False,False,False,True
hannah_8764hill@icloud.com,hannah_8764hill,icloud.com,1987.0,15,False,False,True,False,True
sophia.jones03@gmail.com,sophia.jones03,gmail.com,2003.0,14,True,False,False,False,True
elizabeth.roberts@hotmail.com,elizabeth.roberts,hotmail.com,,17,True,False,False,False,True
Susan13@tutanota.com,Susan13,tutanota.com,,7,False,False,False,True,False
sarah.carter@yahoo.com,sarah.carter,yahoo.com,,12,True,False,False,False,True
madeline.ross05@aol.com,madeline.ross05,aol.com,2005.0,15,True,False,False,False,True
victoria_james2005@gmail.com,victoria_james2005,gmail.com,2005.0,18,False,False,True,False,True
Jaclyn_Cole@gmail.com,Jaclyn_Cole,gmail.com,,11,False,False,True,True,True
Shawn.Rowe58@tutanota.com,Shawn.Rowe58,tutanota.com,1958.0,12,True,False,False,True,True
logan_wright2003@gmail.com,logan_wright2003,gmail.com,2003.0,16,False,False,True,False,True
thomas.jones@hotmail.com,thomas.jones,hotmail.com,,12,True,False,False,False,True
emma76_flash@gmail.com,emma76_flash,gmail.com,1976.0,12,False,False,True,False,True
nathan_martin2003@gmail.com,nathan_martin2003,gmail.com,2003.0,17,False,False,True,False,True
Adaline.Mills@gmail.com,Adaline.Mills,gmail.com,,13,True,False,False,True,True
Zoie73@outlook.com,Zoie73,outlook.com,1973.0,6,False,False,False,True,False
jacob_green2005@yahoo.com,jacob_green2005,yahoo.com,2005.0,15,False,False,True,False,True
sophia.adams@yahoo.com,sophia.adams,yahoo.com,,12,True,False,False,False,True
samuel.morgan@gmail.com,samuel.morgan,gmail.com,,13,True,False,False,False,True
matthew.adams@protonmail.com,matthew.adams,protonmail.com,,13,True,False,False,False,True
Zita.Herman35@outlook.com,Zita.Herman35,outlook.com,1935.0,13,True,False,False,True,True
Darrel_Roberts15@protonmail.com,Darrel_Roberts15,protonmail.com,,16,False,False,True,True,True
Nathen.Boehm@protonmail.com,Nathen.Boehm,protonmail.com,,12,True,False,False,True,True
lily.thompson57@aol.com,lily.thompson57,aol.com,1957.0,15,True,False,False,False,True
noah5563@yahoo.com,noah5563,yahoo.com,1955.0,8,False,False,False,False,False
adam.henderson32@gmail.com,adam.henderson32,gmail.com,1932.0,16,True,False,False,False,True
andrew36_burn@hotmail.com,andrew36_burn,hotmail.com,1936.0,13,False,False,True,False,True
Jayden48@mail.com,Jayden48,mail.com,1948.0,8,False,False,False,True,False
Patrick.Johnston@aol.com,Patrick.Johnston,aol.com,,16,True,False,False,True,True
Julien_Mayert51@aol.com,Julien_Mayert51,aol.com,1951.0,15,False,False,True,True,True
matthew.baker@hotmail.com,matthew.baker,hotmail.com,,13,True,False,False,False,True
Sofia64@mail.com,Sofia64,mail.com,1964.0,7,False,False,False,True,False
Meredith_Hansen@gmail.com,Meredith_Hansen,gmail.com,,15,False,False,True,True,True
2003_samuel_white@organization.org,2003_samuel_white,organization.org,2003.0,17,False,False,True,False,True
amanda.king99@hotmail.com,amanda.king99,hotmail.com,1999.0,13,True,False,False,False,True
Nora_Turcotte@icloud.com,Nora_Turcotte,icloud.com,,13,False,False,True,True,True
Hailee_Kuhic58@aol.com,Hailee_Kuhic58,aol.com,1958.0,14,False,False,True,True,True
daniel.taylor88@outlook.com,daniel.taylor88,outlook.com,1988.0,15,True,False,False,False,True
Melody.OReilly32@tutanota.com,Melody.OReilly32,tutanota.com,1932.0,16,True,False,False,True,True
paul.baker@aol.com,paul.baker,aol.com,,10,True,False,False,False,True
Frank_Herzog@tutanota.com,Frank_Herzog,tutanota.com,,12,False,False,True,True,True
michael_93.johnson@college.edu,michael_93.johnson,college.edu,1993.0,18,True,False,True,False,True
james21_shine@gmail.com,james21_shine,gmail.com,1921.0,13,False,False,True,False,True
madeline.ross05@aol.com,madeline.ross05,aol.com,2005.0,15,True,False,False,False,True
Pansy17@protonmail.com,Pansy17,protonmail.com,,7,False,False,False,True,False
amanda_williams12356@icloud.com,amanda_williams12356,icloud.com,1923.0,20,False,False,True,False,True
stephen.morris@yahoo.com,stephen.morris,yahoo.com,,14,True,False,False,False,True
david.clark@protonmail.com,david.clark,protonmail.com,,11,True,False,False,False,True
caleb.phillips67@icloud.com,caleb.phillips67,icloud.com,1967.0,16,True,False,False,False,True
1987_rachel.s@gmail.com,1987_rachel.s,gmail.com,1987.0,13,True,False,True,False,True
margaret.anderson1782@gmail.com,margaret.anderson1782,gmail.com,1978.0,21,True,False,False,False,True
matthew.lewis@gmail.com,matthew.lewis,gmail.com,,13,True,False,False,False,True
Carlie.Conroy@aol.com,Carlie.Conroy,aol.com,,13,True,False,False,True,True
claire81_flicker@yahoo.com,claire81_flicker,yahoo.com,1981.0,16,False,False,True,False,True
joshua.bell00@gmail.com,joshua.bell00,gmail.com,2000.0,13,True,False,False,False,True
mason.watson04@hotmail.com,mason.watson04,hotmail.com,2004.0,14,True,False,False,False,True
victoria_kelly2003@protonmail.com,victoria_kelly2003,protonmail.com,2003.0,18,False,False,True,False,True
jason.barnes90@gmail.com,jason.barnes90,gmail.com,1990.0,14,True,False,False,False,True
simon.peters@hotmail.com,simon.peters,hotmail.com,,12,True,False,False,False,True
martha.young1792@gmail.com,martha.young1792,gmail.com,1979.0,16,True,False,False,False,True
Nikolas54@outlook.com,Nikolas54,outlook.com,1954.0,9,False,False,False,True,False
caleb78_bright@icloud.com,caleb78_bright,icloud.com,1978.0,14,False,False,True,False,True
james_jones10000@gmail.com,james_jones10000,gmail.com,2000.0,16,False,False,True,False,True
Carroll_Armstrong92@mail.com,Carroll_Armstrong92,mail.com,1992.0,19,False,False,True,True,True
Annabelle.Schaden-Jakubowski82@icloud.com,Annabelle.Schaden-Jakubowski82,icloud.com,1982.0,30,True,True,False,True,True
mary.james@icloud.com,mary.james,icloud.com,,10,True,False,False,False,True
megan_wilson4321@hotmail.com,megan_wilson4321,hotmail.com,1943.0,16,False,False,True,False,True
emily_clark.91@mail.service.com,emily_clark.91,mail.service.com,1991.0,14,True,False,True,False,True
Kaleigh72@mail.com,Kaleigh72,mail.com,1972.0,9,False,False,False,True,False
Jed_Gutmann-Heidenreich18@protonmail.com,Jed_Gutmann-Heidenreich18,protonmail.com,,25,False,True,True,True,True
james.jones00@gmail.com,james.jones00,gmail.com,2000.0,13,True,False,False,False,True
tyler_hayes1986@gmail.com,tyler_hayes1986,gmail.com,1986.0,15,False,False,True,False,True
thomas.hall@gmail.com,thomas.hall,gmail.com,,11,True,False,False,False,True
Claudia.Osinski-Pollich46@gmail.com,Claudia.Osinski-Pollich46,gmail.com,1946.0,25,True,True,False,True,True
john.smith@gmail.com,john.smith,gmail.com,,10,True,False,False,False,True
andrew.james64@hotmail.com,andrew.james64,hotmail.com,1964.0,14,True,False,False,False,True
logan_1095johnson@outlook.com,logan_1095johnson,outlook.com,1995.0,17,False,False,True,False,True
Rhea.Gislason63@mail.com,Rhea.Gislason63,mail.com,1963.0,15,True,False,False,True,True
Gerson.Feest71@gmail.com,Gerson.Feest71,gmail.com,1971.0,14,True,False,False,True,True
carter.james99@hotmail.com,carter.james99,hotmail.com,1999.0,14,True,False,False,False,True
Cali_Zieme24@aol.com,Cali_Zieme24,aol.com,1924.0,12,False,False,True,True,True
joseph.adams@gmail.com,joseph.adams,gmail.com,,12,True,False,False,False,True
lily_thompson5678@aol.com,lily_thompson5678,aol.com,1956.0,17,False,False,True,False,True
Julianne_Larkin39@yahoo.com,Julianne_Larkin39,yahoo.com,1939.0,17,False,False,True,True,True
daniel_clark@icloud.com,daniel_clark,icloud.com,,12,False,False,True,False,True
stephanie.2002clark@gmail.com,stephanie.2002clark,gmail.com,2002.0,19,True,False,False,False,True
laura.baker45@icloud.com,laura.baker45,icloud.com,1945.0,13,True,False,False,False,True
robert23_spark@protonmail.com,robert23_spark,protonmail.com,1923.0,14,False,False,True,False,True
Jewell.Stark@aol.com,Jewell.Stark,aol.com,,12,True,False,False,True,True
Shyann_Herzog14@aol.com,Shyann_Herzog14,aol.com,,15,False,False,True,True,True
megan_patel1994@gmail.com,megan_patel1994,gmail.com,1994.0,15,False,False,True,False,True
ethan_bell1988@gmail.com,ethan_bell1988,gmail.com,1988.0,14,False,False,True,False,True
ryan_watson2001@hotmail.com,ryan_watson2001,hotmail.com,2001.0,15,False,False,True,False,True
christopher89_bell@sub.company.com,christopher89_bell,sub.company.com,1989.0,18,False,False,True,False,True
Shaniya11@gmail.com,Shaniya11,gmail.com,,9,False,False,False,True,False
Aurore29@tutanota.com,Aurore29,tutanota.com,1929.0,8,False,False,False,True,False
matthew.hill1802@gmail.com,matthew.hill1802,gmail.com,1980.0,16,True,False,False,False,True
Jordi_Aufderhar56@gmail.com,Jordi_Aufderhar56,gmail.com,1956.0,17,False,False,True,True,True
caleb.phillips67@icloud.com,caleb.phillips67,icloud.com,1967.0,16,True,False,False,False,True
tyler.hayes86@gmail.com,tyler.hayes86,gmail.com,1986.0,13,True,False,False,False,True
Cayla82@tutanota.com,Cayla82,tutanota.com,1982.0,7,False,False,False,True,False
zoe_bryant43219@aol.com,zoe_bryant43219,aol.com,1943.0,15,False,False,True,False,True
Heaven8@yahoo.com,Heaven8,yahoo.com,,7,False,False,False,True,False
Tyler_Walter@gmail.com,Tyler_Walter,gmail.com,,12,False,False,True,True,True
ryan.watson01@hotmail.com,ryan.watson01,hotmail.com,2001.0,13,True,False,False,False,True
david_2000@aol.com,david_2000,aol.com,2000.0,10,False,False,True,False,True
margaret.harris@outlook.com,margaret.harris,outlook.com,,15,True,False,False,False,True
Johnpaul.Robel68@tutanota.com,Johnpaul.Robel68,tutanota.com,1968.0,16,True,False,False,True,True
alice_3890.brown@.company.co.uk,alice_3890.brown,.company.co.uk,1938.0,16,True,False,True,False,True
hailey_price1239@protonmail.com,hailey_price1239,protonmail.com,1923.0,16,False,False,True,False,True
rachel_evans2006@gmail.com,rachel_evans2006,gmail.com,2006.0,16,False,False,True,False,True
chris_lee8769@hotmail.com,chris_lee8769,hotmail.com,1987.0,13,False,False,True,False,True
Napoleon_Braun@protonmail.com,Napoleon_Braun,protonmail.com,,14,False,False,True,True,True
olivia24_flash@gmail.com,olivia24_flash,gmail.com,1924.0,14,False,False,True,False,True
michael.wilson@aol.com,michael.wilson,aol.com,,14,True,False,False,False,True
mary.bryant@outlook.com,mary.bryant,outlook.com,,11,True,False,False,False,True
Dangelo.Gorczany30@aol.com,Dangelo.Gorczany30,aol.com,1930.0,18,True,False,False,True,True
Gianni72@outlook.com,Gianni72,outlook.com,1972.0,8,False,False,False,True,False
henry.thomas1693@gmail.com,henry.thomas1693,gmail.com,1969.0,16,True,False,False,False,True
lucy.green1749@gmail.com,lucy.green1749,gmail.com,1974.0,14,True,False,False,False,True
david.thomas@gmail.com,david.thomas,gmail.com,,12,True,False,False,False,True
anna.hall87@yahoo.com,anna.hall87,yahoo.com,1987.0,11,True,False,False,False,True
Dejuan_Herzog47@icloud.com,Dejuan_Herzog47,icloud.com,1947.0,15,False,False,True,True,True
olivia.smith999@yahoo.com,olivia.smith999,yahoo.com,1999.0,15,True,False,False,False,True
Alanna.Connelly84@outlook.com,Alanna.Connelly84,outlook.com,1984.0,17,True,False,False,True,True
Queenie55@gmail.com,Queenie55,gmail.com,1955.0,9,False,False,False,True,False
mary.miller@gmail.com,mary.miller,gmail.com,,11,True,False,False,False,True
hailey.sanders67@gmail.com,hailey.sanders67,gmail.com,1967.0,16,True,False,False,False,True
joshua_carter1980@gmail.com,joshua_carter1980,gmail.com,1980.0,17,False,False,True,False,True
james.walker@outlook.com,james.walker,outlook.com,,12,True,False,False,False,True
Cassandra_Flatley54@gmail.com,Cassandra_Flatley54,gmail.com,1954.0,19,False,False,True,True,True
william.green@aol.com,william.green,aol.com,,13,True,False,False,False,True
sarah.miller@protonmail.com,sarah.miller,protonmail.com,,12,True,False,False,False,True
nathan.brooks@icloud.com,nathan.brooks,icloud.com,,13,True,False,False,False,True
Delphine8@tutanota.com,Delphine8,tutanota.com,,9,False,False,False,True,False
Adela_Mertz@mail.com,Adela_Mertz,mail.com,,11,False,False,True,True,True
alexis.cooper92@gmail.com,alexis.cooper92,gmail.com,1992.0,15,True,False,False,False,True
jason_brown1985@gmail.com,jason_brown1985,gmail.com,1985.0,15,False,False,True,False,True
daniel.phillips@hotmail.com,daniel.phillips,hotmail.com,,15,True,False,False,False,True
amelia.simmons@yahoo.com,amelia.simmons,yahoo.com,,14,True,False,False,False,True
Jonatan.Kassulke@gmail.com,Jonatan.Kassulke,gmail.com,,16,True,False,False,True,True
ben_4561doe@gmail.com,ben_4561doe,gmail.com,1945.0,11,False,False,True,False,True
jason.barnes90@gmail.com,jason.barnes90,gmail.com,1990.0,14,True,False,False,False,True
laura1990_davis@gmail.com,laura1990_davis,gmail.com,1990.0,15,False,False,True,False,True
Oleta44@protonmail.com,Oleta44,protonmail.com,1944.0,7,False,False,False,True,False
olivia2003_clark@hotmail.com,olivia2003_clark,hotmail.com,2003.0,16,False,False,True,False,True
anna1999@outlook.com,anna1999,outlook.com,1999.0,8,False,False,False,False,False
rachel.perez45@icloud.com,rachel.perez45,icloud.com,1945.0,14,True,False,False,False,True
Juston81@outlook.com,Juston81,outlook.com,1981.0,8,False,False,False,True,False
Percy92@protonmail.com,Percy92,protonmail.com,1992.0,7,False,False,False,True,False
Markus.Goldner41@gmail.com,Markus.Goldner41,gmail.com,1941.0,16,True,False,False,True,True
daniel_scott1980@outlook.com,daniel_scott1980,outlook.com,1980.0,16,False,False,True,False,True
Adelle_Rolfson24@gmail.com,Adelle_Rolfson24,gmail.com,1924.0,16,False,False,True,True,True
daniel.wood@outlook.com,daniel.wood,outlook.com,,11,True,False,False,False,True
catherine.allen@icloud.com,catherine.allen,icloud.com,,15,True,False,False,False,True
Janae99@gmail.com,Janae99,gmail.com,1999.0,7,False,False,False,True,False
edward.walker1756@gmail.com,edward.walker1756,gmail.com,1975.0,17,True,False,False,False,True
laura88_smith@yahoo.com,laura88_smith,yahoo.com,1988.0,13,False,False,True,False,True
susan.green@yahoo.com,susan.green,yahoo.com,,11,True,False,False,False,True
Gerson_Larson99@gmail.com,Gerson_Larson99,gmail.com,1999.0,15,False,False,True,True,True
Marianna_Pfeffer@gmail.com,Marianna_Pfeffer,gmail.com,,16,False,False,True,True,True
Zackery_Rippin91@gmail.com,Zackery_Rippin91,gmail.com,1991.0,16,False,False,True,True,True
Moshe_Hilpert@tutanota.com,Moshe_Hilpert,tutanota.com,,13,False,False,True,True,True
eliza.jackson@hotmail.com,eliza.jackson,hotmail.com,,13,True,False,False,False,True
abigail_cook1992@gmail.com,abigail_cook1992,gmail.com,1992.0,16,False,False,True,False,True
john.doe1990@sub.domain.com,john.doe1990,sub.domain.com,1990.0,12,True,False,False,False,True
robert_white1990@gmail.com,robert_white1990,gmail.com,1990.0,16,False,False,True,False,True
anna@harris@icloud.com,anna@harris,icloud.com,,11,False,False,False,False,True
sophia87_blaze@outlook.com,sophia87_blaze,outlook.com,1987.0,14,False,False,True,False,True
hannah.bryant@aol.com,hannah.bryant,aol.com,,13,True,False,False,False,True
kevin57_flame@outlook.com,kevin57_flame,outlook.com,1957.0,13,False,False,True,False,True
sophia.jones03@gmail.com,sophia.jones03,gmail.com,2003.0,14,True,False,False,False,True
hailey88_flame@protonmail.com,hailey88_flame,protonmail.com,1988.0,14,False,False,True,False,True
Julien80@tutanota.com,Julien80,tutanota.com,1980.0,8,False,False,False,True,False
Gretchen.Nikolaus33@gmail.com,Gretchen.Nikolaus33,gmail.com,1933.0,19,True,False,False,True,True
samuel.morgan@gmail.com,samuel.morgan,gmail.com,,13,True,False,False,False,True
emily_smith2006@outlook.com,emily_smith2006,outlook.com,2006.0,15,False,False,True,False,True
Olaf_Marks64@gmail.com,Olaf_Marks64,gmail.com,1964.0,12,False,False,True,True,True
peter.jackson@aol.com,peter.jackson,aol.com,,13,True,False,False,False,True
simon.ward@protonmail.com,simon.ward,protonmail.com,,10,True,False,False,False,True
Buck.Mohr@gmail.com,Buck.Mohr,gmail.com,,9,True,False,False,True,True
Carolina.Zieme66@aol.com,Carolina.Zieme66,aol.com,1966.0,16,True,False,False,True,True
daniel1998_scott@outlook.com,daniel1998_scott,outlook.com,1998.0,16,False,False,True,False,True
zoe7548_anderson@protonmail.com,zoe7548_anderson,protonmail.com,1975.0,16,False,False,True,False,True
daniel.scott80@outlook.com,daniel.scott80,outlook.com,1980.0,14,True,False,False,False,True
Frances.Zulauf@gmail.com,Frances.Zulauf,gmail.com,,14,True,False,False,True,True
Percy92@protonmail.com,Percy92,protonmail.com,1992.0,7,False,False,False,True,False
hannah.james1741@gmail.com,hannah.james1741,gmail.com,1974.0,16,True,False,False,False,True
chloe872_flare@gmail.com,chloe872_flare,gmail.com,1987.0,14,False,False,True,False,True
susan.young@gmail.com,susan.young,gmail.com,,11,True,False,False,False,True
dylan1990_richards@gmail.com,dylan1990_richards,gmail.com,1990.0,18,False,False,True,False,True
andrew1994_turner@hotmail.com,andrew1994_turner,hotmail.com,1994.0,17,False,False,True,False,True
elijah_6230@gmail.com,elijah_6230,gmail.com,1962.0,11,False,False,True,False,True
mason_watson2004@hotmail.com,mason_watson2004,hotmail.com,2004.0,16,False,False,True,False,True
Bertha.Vandervort54@outlook.com,Bertha.Vandervort54,outlook.com,1954.0,19,True,False,False,True,True
daniel_king1998@gmail.com,daniel_king1998,gmail.com,1998.0,15,False,False,True,False,True
Kamryn59@icloud.com,Kamryn59,icloud.com,1959.0,8,False,False,False,True,False
Maud.Satterfield@gmail.com,Maud.Satterfield,gmail.com,,16,True,False,False,True,True
emma.walker@icloud.com,emma.walker,icloud.com,,11,True,False,False,False,True
mary.jones@outlook.com,mary.jones,outlook.com,,10,True,False,False,False,True
nancy.baker@outlook.com,nancy.baker,outlook.com,,11,True,False,False,False,True
daniel_taylor1988@outlook.com,daniel_taylor1988,outlook.com,1988.0,17,False,False,True,False,True
Nestor.Hahn52@gmail.com,Nestor.Hahn52,gmail.com,1952.0,13,True,False,False,True,True
sophia.brown1684@gmail.com,sophia.brown1684,gmail.com,1968.0,16,True,False,False,False,True
Joel32@outlook.com,Joel32,outlook.com,1932.0,6,False,False,False,True,False
Domenic_Hudson95@gmail.com,Domenic_Hudson95,gmail.com,1995.0,16,False,False,True,True,True
david2097@hotmail.com,david2097,hotmail.com,1920.0,9,False,False,False,False,False
Lamont37@gmail.com,Lamont37,gmail.com,1937.0,8,False,False,False,True,False
ethan.white02@protonmail.com,ethan.white02,protonmail.com,2002.0,13,True,False,False,False,True
Cheyanne.Rippin@aol.com,Cheyanne.Rippin,aol.com,,15,True,False,False,True,True
Darrel_Roberts15@protonmail.com,Darrel_Roberts15,protonmail.com,,16,False,False,True,True,True
henry.jackson@yahoo.com,henry.jackson,yahoo.com,,13,True,False,False,False,True
edward.king@protonmail.com,edward.king,protonmail.com,,11,True,False,False,False,True
nathan.martin04@gmail.com,nathan.martin04,gmail.com,2004.0,15,True,False,False,False,True
daniel.wood@outlook.com,daniel.wood,outlook.com,,11,True,False,False,False,True
Sunny_Nader@yahoo.com,Sunny_Nader,yahoo.com,,11,False,False,True,True,True
Erling_Runolfsdottir@outlook.com,Erling_Runolfsdottir,outlook.com,,20,False,False,True,True,True
adam2004_henderson@gmail.com,adam2004_henderson,gmail.com,2004.0,18,False,False,True,False,True
alice.bell@hotmail.com,alice.bell,hotmail.com,,10,True,False,False,False,True
ethan_hughes1001@protonmail.com,ethan_hughes1001,protonmail.com,2000.0,16,False,False,True,False,True
lily3456@protonmail.com,lily3456,protonmail.com,1934.0,8,False,False,False,False,False
Reggie_Greenholt34@gmail.com,Reggie_Greenholt34,gmail.com,1934.0,18,False,False,True,True,True
laura.james@gmail.com,laura.james,gmail.com,,11,True,False,False,False,True
lucy.adams@protonmail.com,lucy.adams,protonmail.com,,10,True,False,False,False,True
Blanche44@outlook.com,Blanche44,outlook.com,1944.0,9,False,False,False,True,False
eliza.thomas@outlook.com,eliza.thomas,outlook.com,,12,True,False,False,False,True
Linnie78@mail.com,Linnie78,mail.com,1978.0,8,False,False,False,True,False
john_smith@yahoo.com,john_smith,yahoo.com,,10,False,False,True,False,True
joseph.green@hotmail.com,joseph.green,hotmail.com,,12,True,False,False,False,True
david.young@icloud.com,david.young,icloud.com,,11,True,False,False,False,True
adam.henderson32@gmail.com,adam.henderson32,gmail.com,1932.0,16,True,False,False,False,True
Carolanne33@aol.com,Carolanne33,aol.com,1933.0,11,False,False,False,True,False
ethan_9931@gmail.com,ethan_9931,gmail.com,1999.0,10,False,False,True,False,True
Monserrat_Kautzer@gmail.com,Monserrat_Kautzer,gmail.com,,17,False,False,True,True,True
james.clark@yahoo.com,james.clark,yahoo.com,,11,True,False,False,False,True
Lysanne.Cormier@aol.com,Lysanne.Cormier,aol.com,,15,True,False,False,True,True
simon.murphy1687@gmail.com,simon.murphy1687,gmail.com,1968.0,16,True,False,False,False,True
Selmer35@aol.com,Selmer35,aol.com,1935.0,8,False,False,False,True,False
Evalyn.Lehner0@yahoo.com,Evalyn.Lehner0,yahoo.com,,14,True,False,False,True,True
zoe.bryant19@aol.com,zoe.bryant19,aol.com,,12,True,False,False,False,True
Marta_Sanford93@tutanota.com,Marta_Sanford93,tutanota.com,1993.0,15,False,False,True,True,True
jason99_lee@gmail.com,jason99_lee,gmail.com,1999.0,11,False,False,True,False,True
patrick.morgan@hotmail.com,patrick.morgan,hotmail.com,,14,True,False,False,False,True
lily64_gleam@yahoo.com,lily64_gleam,yahoo.com,1964.0,12,False,False,True,False,True
Catalina_Grady5@tutanota.com,Catalina_Grady5,tutanota.com,,15,False,False,True,True,True
william@johnson@outlook.com,william@johnson,outlook.com,,15,False,False,False,False,True
Jeramie_Denesik98@yahoo.com,Jeramie_Denesik98,yahoo.com,1998.0,17,False,False,True,True,True
Jaiden60@gmail.com,Jaiden60,gmail.com,1960.0,8,False,False,False,True,False
Marilyne.Crist@mail.com,Marilyne.Crist,mail.com,,14,True,False,False,True,True
james.wright@gmail.com,james.wright,gmail.com,,12,True,False,False,False,True
nathan31_flare@aol.com,nathan31_flare,aol.com,1931.0,14,False,False,True,False,True
Rachelle.Hane97@mail.com,Rachelle.Hane97,mail.com,1997.0,15,True,False,False,True,True
Reba_Robel62@mail.com,Reba_Robel62,mail.com,1962.0,12,False,False,True,True,True
emily.smith06@outlook.com,emily.smith06,outlook.com,2006.0,13,True,False,False,False,True
Stephania.Fisher91@gmail.com,Stephania.Fisher91,gmail.com,1991.0,18,True,False,False,True,True
Stanton.Turcotte@aol.com,Stanton.Turcotte,aol.com,,16,True,False,False,True,True
lucy.brown@yahoo.com,lucy.brown,yahoo.com,,10,True,False,False,False,True
Kasandra_Mayert56@aol.com,Kasandra_Mayert56,aol.com,1956.0,17,False,False,True,True,True
Amira4@yahoo.com,Amira4,yahoo.com,,6,False,False,False,True,False
sarah.wright1717@gmail.com,sarah.wright1717,gmail.com,1971.0,16,True,False,False,False,True
catherine.davis@hotmail.com,catherine.davis,hotmail.com,,15,True,False,False,False,True
jacob.green05@yahoo.com,jacob.green05,yahoo.com,2005.0,13,True,False,False,False,True
Connie_Haley@gmail.com,Connie_Haley,gmail.com,,12,False,False,True,True,True
Asia_Stark26@protonmail.com,Asia_Stark26,protonmail.com,1926.0,12,False,False,True,True,True
Camille36@aol.com,Camille36,aol.com,1936.0,9,False,False,False,True,False
paul.cook@icloud.com,paul.cook,icloud.com,,9,True,False,False,False,True
catherine.davis@gmail.com,catherine.davis,gmail.com,,15,True,False,False,False,True
Jammie.Hartmann50@icloud.com,Jammie.Hartmann50,icloud.com,1950.0,17,True,False,False,True,True
ethan1995_white@yahoo.com,ethan1995_white,yahoo.com,1995.0,15,False,False,True,False,True
Florida14@gmail.com,Florida14,gmail.com,,9,False,False,False,True,False
Wiley75@aol.com,Wiley75,aol.com,1975.0,7,False,False,False,True,False
Saige.Conroy-Raynor62@gmail.com,Saige.Conroy-Raynor62,gmail.com,1962.0,21,True,True,False,True,True
Winona89@outlook.com,Winona89,outlook.com,1989.0,8,False,False,False,True,False
olivia.brown2001@yahoo.com,olivia.brown2001,yahoo.com,2001.0,16,True,False,False,False,True
Cecilia_Gottlieb@yahoo.com,Cecilia_Gottlieb,yahoo.com,,16,False,False,True,True,True
eliza.howard@gmail.com,eliza.howard,gmail.com,,12,True,False,False,False,True
Quincy_Mayert@aol.com,Quincy_Mayert,aol.com,,13,False,False,True,True,True
victoria.carter84@yahoo.com,victoria.carter84,yahoo.com,1984.0,17,True,False,False,False,True
Santina_Stark68@protonmail.com,Santina_Stark68,protonmail.com,1968.0,15,False,False,True,True,True
hannah.thomas@outlook.com,hannah.thomas,outlook.com,,13,True,False,False,False,True
sophia_scott1999@gmail.com,sophia_scott1999,gmail.com,1999.0,16,False,False,True,False,True
nancy.bryant1797@gmail.com,nancy.bryant1797,gmail.com,1979.0,16,True,False,False,False,True
william.johnson@outlook.com,william.johnson,outlook.com,,15,True,False,False,False,True
Freddie_Marvin@gmail.com,Freddie_Marvin,gmail.com,,14,False,False,True,True,True
Douglas74@gmail.com,Douglas74,gmail.com,1974.0,9,False,False,False,True,False
Julio_Jaskolski@tutanota.com,Julio_Jaskolski,tutanota.com,,15,False,False,True,True,True
emma.clark76@icloud.com,emma.clark76,icloud.com,1976.0,12,True,False,False,False,True
Eva35@protonmail.com,Eva35,protonmail.com,1935.0,5,False,False,False,True,False
amanda.king99@hotmail.com,amanda.king99,hotmail.com,1999.0,13,True,False,False,False,True
Meredith_Stracke7@aol.com,Meredith_Stracke7,aol.com,,17,False,False,True,True,True
george.taylor1811@gmail.com,george.taylor1811,gmail.com,1981.0,17,True,False,False,False,True
Anais_Hoppe15@mail.com,Anais_Hoppe15,mail.com,,13,False,False,True,True,True
Hertha_VonRueden@aol.com,Hertha_VonRueden,aol.com,,16,False,False,True,True,True
carter1988_james@hotmail.com,carter1988_james,hotmail.com,1988.0,16,False,False,True,False,True
sarah.green89@icloud.com,sarah.green89,icloud.com,1989.0,13,True,False,False,False,True
Oran_Zemlak39@gmail.com,Oran_Zemlak39,gmail.com,1939.0,13,False,False,True,True,True
logan_brooks87612@gmail.com,logan_brooks87612,gmail.com,1987.0,17,False,False,True,False,True
jessica_walker1993@gmail.com,jessica_walker1993,gmail.com,1993.0,18,False,False,True,False,True
amanda.williams56@icloud.com,amanda.williams56,icloud.com,1956.0,17,True,False,False,False,True
Charity6@protonmail.com,Charity6,protonmail.com,,8,False,False,False,True,False
Kiarra_Hand60@mail.com,Kiarra_Hand60,mail.com,1960.0,13,False,False,True,True,True
mark_1995johnson@outlook.com,mark_1995johnson,outlook.com,1995.0,16,False,False,True,False,True
elizabeth.thomas@outlook.com,elizabeth.thomas,outlook.com,,16,True,False,False,False,True
james.jones@yahoo.com,james.jones,yahoo.com,,11,True,False,False,False,True
3356_johnson.jane@gmail.com,3356_johnson.jane,gmail.com,1933.0,17,True,False,True,False,True
daniel2001_martin@icloud.com,daniel2001_martin,icloud.com,2001.0,17,False,False,True,False,True
emma.king@icloud.com,emma.king,icloud.com,,9,True,False,False,False,True
Demario_Fisher47@mail.com,Demario_Fisher47,mail.com,1947.0,16,False,False,True,True,True
rebecca.moore@icloud.com,rebecca.moore,icloud.com,,13,True,False,False,False,True
Aglae64@protonmail.com,Aglae64,protonmail.com,1964.0,7,False,False,False,True,False
stephen.morris@yahoo.com,stephen.morris,yahoo.com,,14,True,False,False,False,True
Etha_Simonis@gmail.com,Etha_Simonis,gmail.com,,12,False,False,True,True,True
logan.brooks12@gmail.com,logan.brooks12,gmail.com,,14,True,False,False,False,True
Heber_Brakus50@tutanota.com,Heber_Brakus50,tutanota.com,1950.0,14,False,False,True,True,True
mary.cook@outlook.com,mary.cook,outlook.com,,9,True,False,False,False,True
lily.green2000@hotmail.com,lily.green2000,hotmail.com,2000.0,14,True,False,False,False,True
sam.kelly7765@aol.com,sam.kelly7765,aol.com,1977.0,13,True,False,False,False,True
dylan49_shine@gmail.com,dylan49_shine,gmail.com,1949.0,13,False,False,True,False,True
Birdie_Kuvalis89@outlook.com,Birdie_Kuvalis89,outlook.com,1989.0,16,False,False,True,True,True
mason.watson04@hotmail.com,mason.watson04,hotmail.com,2004.0,14,True,False,False,False,True
hailey.price39@protonmail.com,hailey.price39,protonmail.com,1939.0,14,True,False,False,False,True
sophia.brown@hotmail.com,sophia.brown,hotmail.com,,12,True,False,False,False,True
2001_johnson.jane@gmail.com,2001_johnson.jane,gmail.com,2001.0,17,True,False,True,False,True
Blanche.Predovic@yahoo.com,Blanche.Predovic,yahoo.com,,16,True,False,False,True,True
Loyal_Kuhic@gmail.com,Loyal_Kuhic,gmail.com,,11,False,False,True,True,True
jane_doe1989@gmail.com,jane_doe1989,gmail.com,1989.0,12,False,False,True,False,True
kevin.sanders89@gmail.com,kevin.sanders89,gmail.com,1989.0,15,True,False,False,False,True
rachel5551_b@outlook.com,rachel5551_b,outlook.com,1955.0,12,False,False,True,False,True
henry.wright@protonmail.com,henry.wright,protonmail.com,,12,True,False,False,False,True
michael.cook@hotmail.com,michael.cook,hotmail.com,,12,True,False,False,False,True
Estelle80@yahoo.com,Estelle80,yahoo.com,1980.0,9,False,False,False,True,False
laura.walker@protonmail.com,laura.walker,protonmail.com,,12,True,False,False,False,True
emma_clark1234@icloud.com,emma_clark1234,icloud.com,1923.0,14,False,False,True,False,True
mason_hayes2000@gmail.com,mason_hayes2000,gmail.com,2000.0,15,False,False,True,False,True
joshua1981_ward@gmail.com,joshua1981_ward,gmail.com,1981.0,15,False,False,True,False,True
dorothy.gray@protonmail.com,dorothy.gray,protonmail.com,,12,True,False,False,False,True
Macey29@gmail.com,Macey29,gmail.com,1929.0,7,False,False,False,True,False
Faye_Carter81@icloud.com,Faye_Carter81,icloud.com,1981.0,13,False,False,True,True,True
Maxime.Brown93@mail.com,Maxime.Brown93,mail.com,1993.0,14,True,False,False,True,True
nathan_roberts1991@gmail.com,nathan_roberts1991,gmail.com,1991.0,18,False,False,True,False,True
laura_taylor1995@gmail.com,laura_taylor1995,gmail.com,1995.0,16,False,False,True,False,True
chris_harris2002@gmail.com,chris_harris2002,gmail.com,2002.0,16,False,False,True,False,True
kevin_sanders1989@gmail.com,kevin_sanders1989,gmail.com,1989.0,17,False,False,True,False,True
Gerry.Fisher@protonmail.com,Gerry.Fisher,protonmail.com,,12,True,False,False,True,True
aiden_miller8974@gmail.com,aiden_miller8974,gmail.com,1989.0,16,False,False,True,False,True
daniel97_flare@outlook.com,daniel97_flare,outlook.com,1997.0,14,False,False,True,False,True
katherine.hill@outlook.com,katherine.hill,outlook.com,,14,True,False,False,False,True
william.miller@icloud.com,william.miller,icloud.com,,14,True,False,False,False,True
Gregorio.Gusikowski@gmail.com,Gregorio.Gusikowski,gmail.com,,19,True,False,False,True,True
David.Brakus7@mail.com,David.Brakus7,mail.com,,13,True,False,False,True,True
andrew_baker1996@gmail.com,andrew_baker1996,gmail.com,1996.0,16,False,False,True,False,True
Kurtis.Towne@yahoo.com,Kurtis.Towne,yahoo.com,,12,True,False,False,True,True
Pietro2@mail.com,Pietro2,mail.com,,7,False,False,False,True,False
madeline_ross2005@aol.com,madeline_ross2005,aol.com,2005.0,17,False,False,True,False,True
david.mitchell@gmail.com,david.mitchell,gmail.com,,14,True,False,False,False,True
Oral.Lind28@gmail.com,Oral.Lind28,gmail.com,1928.0,11,True,False,False,True,True
alex97@gmail.com,alex97,gmail.com,1997.0,6,False,False,False,False,False
Ima56@aol.com,Ima56,aol.com,1956.0,5,False,False,False,True,False
john.jones@hotmail.com,john.jones,hotmail.com,,10,True,False,False,False,True
robert.turner54@protonmail.com,robert.turner54,protonmail.com,1954.0,15,True,False,False,False,True
rebecca.evans@protonmail.com,rebecca.evans,protonmail.com,,13,True,False,False,False,True
Joanne.Hickle91@mail.com,Joanne.Hickle91,mail.com,1991.0,15,True,False,False,True,True
arthur99_archi@gmail.com,arthur99_archi,gmail.com,1999.0,14,False,False,True,False,True
Elisha.Grant93@protonmail.com,Elisha.Grant93,protonmail.com,1993.0,14,True,False,False,True,True
adam_henderson5432@gmail.com,adam_henderson5432,gmail.com,1954.0,18,False,False,True,False,True
Murray_Waters@protonmail.com,Murray_Waters,protonmail.com,,13,False,False,True,True,True
robert2002_harris@protonmail.com,robert2002_harris,protonmail.com,2002.0,17,False,False,True,False,True
jason1985_davis@yahoo.com,jason1985_davis,yahoo.com,1985.0,15,False,False,True,False,True
isaac.bell@outlook.com,isaac.bell,outlook.com,,10,True,False,False,False,True
Bonnie5@gmail.com,Bonnie5,gmail.com,,7,False,False,False,True,False
george.thomas@hotmail.com,george.thomas,hotmail.com,,13,True,False,False,False,True
alice.carter1653@gmail.com,alice.carter1653,gmail.com,1965.0,16,True,False,False,False,True
catherine.allen@icloud.com,catherine.allen,icloud.com,,15,True,False,False,False,True
sarah_smith2001@gmail.com,sarah_smith2001,gmail.com,2001.0,15,False,False,True,False,True
amanda_ward1999@gmail.com,amanda_ward1999,gmail.com,1999.0,15,False,False,True,False,True
mark_sanders1999@gmail.com,mark_sanders1999,gmail.com,1999.0,16,False,False,True,False,True
Emmet_Moen37@aol.com,Emmet_Moen37,aol.com,1937.0,12,False,False,True,True,True
Rod.Ferry@mail.com,Rod.Ferry,mail.com,,9,True,False,False,True,True
eliza.miller@outlook.com,eliza.miller,outlook.com,,12,True,False,False,False,True
kevin1988_morris@outlook.com,kevin1988_morris,outlook.com,1988.0,16,False,False,True,False,True
claire1984_hall@yahoo.com,claire1984_hall,yahoo.com,1984.0,15,False,False,True,False,True
rachel.murphy@aol.com,rachel.murphy,aol.com,,13,True,False,False,False,True
Genevieve_Sawayn-Kunde79@gmail.com,Genevieve_Sawayn-Kunde79,gmail.com,1979.0,24,False,True,True,True,True
patrick.morgan@hotmail.com,patrick.morgan,hotmail.com,,14,True,False,False,False,True
sophia1999_adams@outlook.com,sophia1999_adams,outlook.com,1999.0,16,False,False,True,False,True
matthew.davis01@hotmail.com,matthew.davis01,hotmail.com,2001.0,15,True,False,False,False,True
Rey.Weber44@gmail.com,Rey.Weber44,gmail.com,1944.0,11,True,False,False,True,True
jessica45_blaze@gmail.com,jessica45_blaze,gmail.com,1945.0,15,False,False,True,False,True
Aron42@mail.com,Aron42,mail.com,1942.0,6,False,False,False,True,False
jacob.green05@yahoo.com,jacob.green05,yahoo.com,2005.0,13,True,False,False,False,True
Reva79@gmail.com,Reva79,gmail.com,1979.0,6,False,False,False,True,False
olivia23_fire@hotmail.com,olivia23_fire,hotmail.com,1923.0,13,False,False,True,False,True
9087_steve.s@gmail.com,9087_steve.s,gmail.com,1990.0,12,True,False,True,False,True
Faye.Rowe25@protonmail.com,Faye.Rowe25,protonmail.com,1925.0,11,True,False,False,True,True
Freddy.Green@aol.com,Freddy.Green,aol.com,,12,True,False,False,True,True
Paula_Rogahn56@tutanota.com,Paula_Rogahn56,tutanota.com,1956.0,14,False,False,True,True,True
Hosea59@yahoo.com,Hosea59,yahoo.com,1959.0,7,False,False,False,True,False
Myrtle.Hermiston60@yahoo.com,Myrtle.Hermiston60,yahoo.com,1960.0,18,True,False,False,True,True
emma1987_taylor@gmail.com,emma1987_taylor,gmail.com,1987.0,15,False,False,True,False,True
Elta37@protonmail.com,Elta37,protonmail.com,1937.0,6,False,False,False,True,False
Beth_Johnston94@gmail.com,Beth_Johnston94,gmail.com,1994.0,15,False,False,True,True,True
rachel2006_wright@icloud.com,rachel2006_wright,icloud.com,2006.0,17,False,False,True,False,True
abigail1987_powell@yahoo.com,abigail1987_powell,yahoo.com,1987.0,18,False,False,True,False,True
Evie_Beier@protonmail.com,Evie_Beier,protonmail.com,,10,False,False,True,True,True
carter.james99@hotmail.com,carter.james99,hotmail.com,1999.0,14,True,False,False,False,True
sarah.brown@yahoo.com,sarah.brown,yahoo.com,,11,True,False,False,False,True
grace.roberts1705@gmail.com,grace.roberts1705,gmail.com,1970.0,17,True,False,False,False,True
james.lewis@protonmail.com,james.lewis,protonmail.com,,11,True,False,False,False,True
Glenda_Gleason@yahoo.com,Glenda_Gleason,yahoo.com,,14,False,False,True,True,True
katherine.foster1710@gmail.com,katherine.foster1710,gmail.com,1971.0,20,True,False,False,False,True
Octavia.Thiel@gmail.com,Octavia.Thiel,gmail.com,,13,True,False,False,True,True
andrew_james7654@hotmail.com,andrew_james7654,hotmail.com,1976.0,16,False,False,True,False,True
Elwin80@icloud.com,Elwin80,icloud.com,1980.0,7,False,False,False,True,False
Herta_Abernathy13@mail.com,Herta_Abernathy13,mail.com,,17,False,False,True,True,True
katie_thompson1981@gmail.com,katie_thompson1981,gmail.com,1981.0,18,False,False,True,False,True
caleb_phillips34567@icloud.com,caleb_phillips34567,icloud.com,1934.0,19,False,False,True,False,True
ryan33_blaze@hotmail.com,ryan33_blaze,hotmail.com,1933.0,12,False,False,True,False,True
elizabeth.miller1732@gmail.com,elizabeth.miller1732,gmail.com,1973.0,20,True,False,False,False,True
daniel.jackson@hotmail.com,daniel.jackson,hotmail.com,,14,True,False,False,False,True
Sister87@icloud.com,Sister87,icloud.com,1987.0,8,False,False,False,True,False
tyler.hayes86@gmail.com,tyler.hayes86,gmail.com,1986.0,13,True,False,False,False,True
laura.davis@aol.com,laura.davis,aol.com,,11,True,False,False,False,True
Darrel_Roberts15@protonmail.com,Darrel_Roberts15,protonmail.com,,16,False,False,True,True,True
megan12_fire@aol.com,megan12_fire,aol.com,,12,False,False,True,False,True
olivia.johnson91@gmail.com,olivia.johnson91,gmail.com,1991.0,16,True,False,False,False,True
Clark.Hoppe14@icloud.com,Clark.Hoppe14,icloud.com,,13,True,False,False,True,True
Rubye.Lebsack28@yahoo.com,Rubye.Lebsack28,yahoo.com,1928.0,15,True,False,False,True,True
michael.johnson@gmail.com,michael.johnson,gmail.com,,15,True,False,False,False,True
benjamin.phillips@hotmail.com,benjamin.phillips,hotmail.com,,17,True,False,False,False,True
olivia.johnson91@gmail.com,olivia.johnson91,gmail.com,1991.0,16,True,False,False,False,True
Talon_Stark79@icloud.com,Talon_Stark79,icloud.com,1979.0,13,False,False,True,True,True
victoria17_heat@protonmail.com,victoria17_heat,protonmail.com,,15,False,False,True,False,True
andrew.clark88@gmail.com,andrew.clark88,gmail.com,1988.0,14,True,False,False,False,True
Javonte.Bednar@tutanota.com,Javonte.Bednar,tutanota.com,,14,True,False,False,True,True
benjamin.mitchell1779@gmail.com,benjamin.mitchell1779,gmail.com,1977.0,21,True,False,False,False,True
Bertha66@gmail.com,Bertha66,gmail.com,1966.0,8,False,False,False,True,False
Rubye.Lebsack28@yahoo.com,Rubye.Lebsack28,yahoo.com,1928.0,15,True,False,False,True,True
margaret.smith@hotmail.com,margaret.smith,hotmail.com,,14,True,False,False,False,True
Brook_Marks53@tutanota.com,Brook_Marks53,tutanota.com,1953.0,13,False,False,True,True,True
elizabeth.roberts@hotmail.com,elizabeth.roberts,hotmail.com,,17,True,False,False,False,True
rebecca.allen1771@gmail.com,rebecca.allen1771,gmail.com,1977.0,17,True,False,False,False,True
john_lee1986@gmail.com,john_lee1986,gmail.com,1986.0,12,False,False,True,False,True
logan19_glint@gmail.com,logan19_glint,gmail.com,,13,False,False,True,False,True
Lyla_Jakubowski@gmail.com,Lyla_Jakubowski,gmail.com,,15,False,False,True,True,True
Eva35@protonmail.com,Eva35,protonmail.com,1935.0,5,False,False,False,True,False
Maddison62@aol.com,Maddison62,aol.com,1962.0,10,False,False,False,True,False
abigail.powell56@yahoo.com,abigail.powell56,yahoo.com,1956.0,16,True,False,False,False,True
james4672_blake@gmail.com,james4672_blake,gmail.com,1946.0,15,False,False,True,False,True
Fae_Ward80@yahoo.com,Fae_Ward80,yahoo.com,1980.0,10,False,False,True,True,True
Tillman.Green44@icloud.com,Tillman.Green44,icloud.com,1944.0,15,True,False,False,True,True
Hayley.Kohler49@protonmail.com,Hayley.Kohler49,protonmail.com,1949.0,15,True,False,False,True,True
joshua.bell00@gmail.com,joshua.bell00,gmail.com,2000.0,13,True,False,False,False,True
Wanda40@gmail.com,Wanda40,gmail.com,1940.0,7,False,False,False,True,False
jason1997_long@gmail.com,jason1997_long,gmail.com,1997.0,14,False,False,True,False,True
matthew_davis8765@hotmail.com,matthew_davis8765,hotmail.com,1987.0,17,False,False,True,False,True
Alexane45@aol.com,Alexane45,aol.com,1945.0,9,False,False,False,True,False
thomas.brown@protonmail.com,thomas.brown,protonmail.com,,12,True,False,False,False,True
Hilario.Steuber@aol.com,Hilario.Steuber,aol.com,,15,True,False,False,True,True
Zackary29@gmail.com,Zackary29,gmail.com,1929.0,9,False,False,False,True,False
Kirk96@tutanota.com,Kirk96,tutanota.com,1996.0,6,False,False,False,True,False
nathan.peters1808@gmail.com,nathan.peters1808,gmail.com,1980.0,17,True,False,False,False,True
Cesar74@gmail.com,Cesar74,gmail.com,1974.0,7,False,False,False,True,False
Krista59@gmail.com,Krista59,gmail.com,1959.0,8,False,False,False,True,False
sophia_jones2001@gmail.com,sophia_jones2001,gmail.com,2001.0,16,False,False,True,False,True
Minnie_Nitzsche48@yahoo.com,Minnie_Nitzsche48,yahoo.com,1948.0,17,False,False,True,True,True
william.johnson1799@gmail.com,william.johnson1799,gmail.com,1979.0,19,True,False,False,False,True
ethan.lee2002@protonmail.com,ethan.lee2002,protonmail.com,2002.0,13,True,False,False,False,True
Roger44@gmail.com,Roger44,gmail.com,1944.0,7,False,False,False,True,False
Marisol1@gmail.com,Marisol1,gmail.com,,8,False,False,False,True,False
lily.long85@yahoo.com,lily.long85,yahoo.com,1985.0,11,True,False,False,False,True
Terrance28@aol.com,Terrance28,aol.com,1928.0,10,False,False,False,True,False
dylan.richards83@gmail.com,dylan.richards83,gmail.com,1983.0,16,True,False,False,False,True
Cali_Bauch81@icloud.com,Cali_Bauch81,icloud.com,1981.0,12,False,False,True,True,True
Shany.McLaughlin@tutanota.com,Shany.McLaughlin,tutanota.com,,16,True,False,False,True,True
Adaline.Stamm83@gmail.com,Adaline.Stamm83,gmail.com,1983.0,15,True,False,False,True,True
robert.carter@hotmail.com,robert.carter,hotmail.com,,13,True,False,False,False,True
Frederique.Cronin45@gmail.com,Frederique.Cronin45,gmail.com,1945.0,19,True,False,False,True,True
jason35_glint@gmail.com,jason35_glint,gmail.com,1935.0,13,False,False,True,False,True
Ayden28@yahoo.com,Ayden28,yahoo.com,1928.0,7,False,False,False,True,False
Barbara_Kub@tutanota.com,Barbara_Kub,tutanota.com,,11,False,False,True,True,True
Estelle80@yahoo.com,Estelle80,yahoo.com,1980.0,9,False,False,False,True,False
david.phillips@outlook.com,david.phillips,outlook.com,,14,True,False,False,False,True
m.williams1998@icloud.com,m.williams1998,icloud.com,1998.0,14,True,False,False,False,True
david_roberts1981@gmail.com,david_roberts1981,gmail.com,1981.0,17,False,False,True,False,True
lily1983_thompson@protonmail.com,lily1983_thompson,protonmail.com,1983.0,17,False,False,True,False,True
ryan1984_hughes@hotmail.com,ryan1984_hughes,hotmail.com,1984.0,15,False,False,True,False,True
hailey_sanders4567@gmail.com,hailey_sanders4567,gmail.com,1945.0,18,False,False,True,False,True
david_clark1983@gmail.com,david_clark1983,gmail.com,1983.0,15,False,False,True,False,True
Oren_Rau@mail.com,Oren_Rau,mail.com,,8,False,False,True,True,True
Helena_Bartoletti@aol.com,Helena_Bartoletti,aol.com,,17,False,False,True,True,True
patricia.bailey@yahoo.com,patricia.bailey,yahoo.com,,15,True,False,False,False,True
george.scott@yahoo.com,george.scott,yahoo.com,,12,True,False,False,False,True
Jaquelin.Hermann13@tutanota.com,Jaquelin.Hermann13,tutanota.com,,18,True,False,False,True,True
Joey_Gottlieb@aol.com,Joey_Gottlieb,aol.com,,13,False,False,True,True,True
george.scott@yahoo.com,george.scott,yahoo.com,,12,True,False,False,False,True
Devante_Deckow@gmail.com,Devante_Deckow,gmail.com,,14,False,False,True,True,True
Tom_Torp@gmail.com,Tom_Torp,gmail.com,,8,False,False,True,True,True
daniel_clark@outlook.com,daniel_clark,outlook.com,,12,False,False,True,False,True
rebecca.scott@outlook.com,rebecca.scott,outlook.com,,13,True,False,False,False,True
james.clark@protonmail.com,james.clark,protonmail.com,,11,True,False,False,False,True
emma.watson@yahoo.com,emma.watson,yahoo.com,,11,True,False,False,False,True
Imelda.Kemmer@tutanota.com,Imelda.Kemmer,tutanota.com,,13,True,False,False,True,True
caleb_powell1989@gmail.com,caleb_powell1989,gmail.com,1989.0,16,False,False,True,False,True
samuel.6782clark@gmail.com,samuel.6782clark,gmail.com,1967.0,16,True,False,False,False,True
Jaren16@tutanota.com,Jaren16,tutanota.com,,7,False,False,False,True,False
victoria.carter84@yahoo.com,victoria.carter84,yahoo.com,1984.0,17,True,False,False,False,True
emma_9010thompson@gmail.com,emma_9010thompson,gmail.com,1990.0,17,False,False,True,False,True
peter.ward@gmail.com,peter.ward,gmail.com,,10,True,False,False,False,True
Fay.Kertzmann@mail.com,Fay.Kertzmann,mail.com,,13,True,False,False,True,True
nancy.morris@yahoo.com,nancy.morris,yahoo.com,,12,True,False,False,False,True
Jacques.Grady55@protonmail.com,Jacques.Grady55,protonmail.com,1955.0,15,True,False,False,True,True
jessica.evans04@gmail.com,jessica.evans04,gmail.com,2004.0,15,True,False,False,False,True
laura.evans@gmail.com,laura.evans,gmail.com,,11,True,False,False,False,True
samantha.jones1994@gmail.com,samantha.jones1994,gmail.com,1994.0,18,True,False,False,False,True
jason42_light@yahoo.com,jason42_light,yahoo.com,1942.0,13,False,False,True,False,True
Arlo8@outlook.com,Arlo8,outlook.com,,5,False,False,False,True,False
laura.baker45@icloud.com,laura.baker45,icloud.com,1945.0,13,True,False,False,False,True
robert.jones@yahoo.com,robert.jones,yahoo.com,,12,True,False,False,False,True
oliver1123@gmail.com,oliver1123,gmail.com,1923.0,10,False,False,False,False,False
laura.evans@icloud.com,laura.evans,icloud.com,,11,True,False,False,False,True
anna_martin1997@gmail.com,anna_martin1997,gmail.com,1997.0,15,False,False,True,False,True
Keara.Cartwright59@tutanota.com,Keara.Cartwright59,tutanota.com,1959.0,18,True,False,False,True,True
a.james_1996@gmail.com,a.james_1996,gmail.com,1996.0,12,True,False,True,False,True
Marshall_Upton32@mail.com,Marshall_Upton32,mail.com,1932.0,16,False,False,True,True,True
adam59_blaze@gmail.com,adam59_blaze,gmail.com,1959.0,12,False,False,True,False,True
stephen.morris1764@gmail.com,stephen.morris1764,gmail.com,1976.0,18,True,False,False,False,True
joseph.adams@gmail.com,joseph.adams,gmail.com,,12,True,False,False,False,True
Gus_Schultz70@aol.com,Gus_Schultz70,aol.com,1970.0,13,False,False,True,True,True
harry93_thomas@hotmail.com,harry93_thomas,hotmail.com,1993.0,14,False,False,True,False,True
jackson5431_thomas@hotmail.com,jackson5431_thomas,hotmail.com,1954.0,18,False,False,True,False,True
Ernest_Jacobson59@protonmail.com,Ernest_Jacobson59,protonmail.com,1959.0,17,False,False,True,True,True
jacob89_light@gmail.com,jacob89_light,gmail.com,1989.0,13,False,False,True,False,True
laura.smith@icloud.com,laura.smith,icloud.com,,11,True,False,False,False,True
richard.clark1674@gmail.com,richard.clark1674,gmail.com,1967.0,17,True,False,False,False,True
hailey54_light@gmail.com,hailey54_light,gmail.com,1954.0,14,False,False,True,False,True
william.moore@icloud.com,william.moore,icloud.com,,13,True,False,False,False,True
joseph.green@hotmail.com,joseph.green,hotmail.com,,12,True,False,False,False,True
isaac.bell@outlook.com,isaac.bell,outlook.com,,10,True,False,False,False,True
hailey2001_price@protonmail.com,hailey2001_price,protonmail.com,2001.0,16,False,False,True,False,True
patricia.morris1691@gmail.com,patricia.morris1691,gmail.com,1969.0,19,True,False,False,False,True
victoria42_heat@yahoo.com,victoria42_heat,yahoo.com,1942.0,15,False,False,True,False,True
rebecca.thomas@hotmail.com,rebecca.thomas,hotmail.com,,14,True,False,False,False,True
daniel99_spark@icloud.com,daniel99_spark,icloud.com,1999.0,14,False,False,True,False,True
Rubye_Jast-Hane17@icloud.com,Rubye_Jast-Hane17,icloud.com,,17,False,True,True,True,True
anthony.ward1825@gmail.com,anthony.ward1825,gmail.com,1982.0,16,True,False,False,False,True
robert.white1725@gmail.com,robert.white1725,gmail.com,1972.0,16,True,False,False,False,True
edward.king@protonmail.com,edward.king,protonmail.com,,11,True,False,False,False,True
Demario_Fisher47@mail.com,Demario_Fisher47,mail.com,1947.0,16,False,False,True,True,True
emily1998_smith@gmail.com,emily1998_smith,gmail.com,1998.0,15,False,False,True,False,True
alexis_cooper1992@gmail.com,alexis_cooper1992,gmail.com,1992.0,17,False,False,True,False,True
rebecca.jones@icloud.com,rebecca.jones,icloud.com,,13,True,False,False,False,True
susan.young@gmail.com,susan.young,gmail.com,,11,True,False,False,False,True
peter.clark@gmail.com,peter.clark,gmail.com,,11,True,False,False,False,True
madeline_butler1996@gmail.com,madeline_butler1996,gmail.com,1996.0,19,False,False,True,False,True
charles.mitchell@icloud.com,charles.mitchell,icloud.com,,16,True,False,False,False,True
david.young@icloud.com,david.young,icloud.com,,11,True,False,False,False,True
Oran_Zemlak39@gmail.com,Oran_Zemlak39,gmail.com,1939.0,13,False,False,True,True,True
Fae_Ward80@yahoo.com,Fae_Ward80,yahoo.com,1980.0,10,False,False,True,True,True
Torrey.Luettgen@gmail.com,Torrey.Luettgen,gmail.com,,15,True,False,False,True,True
david.wilson98@outlook.com,david.wilson98,outlook.com,1998.0,14,True,False,False,False,True
Gunner46@mail.com,Gunner46,mail.com,1946.0,8,False,False,False,True,False
Gunner46@mail.com,Gunner46,mail.com,1946.0,8,False,False,False,True,False
margaret.evans@yahoo.com,margaret.evans,yahoo.com,,14,True,False,False,False,True
joseph.miller@gmail.com,joseph.miller,gmail.com,,13,True,False,False,False,True
daniel.taylor88@outlook.com,daniel.taylor88,outlook.com,1988.0,15,True,False,False,False,True
rebecca.clark@outlook.com,rebecca.clark,outlook.com,,13,True,False,False,False,True
olivia1992_williams@gmail.com,olivia1992_williams,gmail.com,1992.0,19,False,False,True,False,True
rachel_perez2345@icloud.com,rachel_perez2345,icloud.com,1923.0,16,False,False,True,False,True
Danny.Jacobson74@outlook.com,Danny.Jacobson74,outlook.com,1974.0,16,True,False,False,True,True
simon.johnson@gmail.com,simon.johnson,gmail.com,,13,True,False,False,False,True
nathan.brooks@aol.com,nathan.brooks,aol.com,,13,True,False,False,False,True
michael.johnson@gmail.com,michael.johnson,gmail.com,,15,True,False,False,False,True
george.thomas@outlook.com,george.thomas,outlook.com,,13,True,False,False,False,True
victoria.white92@hotmail.com,victoria.white92,hotmail.com,1992.0,16,True,False,False,False,True
Orin.Fisher@tutanota.com,Orin.Fisher,tutanota.com,,11,True,False,False,True,True
olivia_nelson2004@gmail.com,olivia_nelson2004,gmail.com,2004.0,17,False,False,True,False,True
Kristian.Dickinson@aol.com,Kristian.Dickinson,aol.com,,18,True,False,False,True,True
tyler63_flicker@gmail.com,tyler63_flicker,gmail.com,1963.0,15,False,False,True,False,True
megan.wilson21@hotmail.com,megan.wilson21,hotmail.com,1921.0,14,True,False,False,False,True
Deven57@protonmail.com,Deven57,protonmail.com,1957.0,7,False,False,False,True,False
matthew1992_lee@gmail.com,matthew1992_lee,gmail.com,1992.0,15,False,False,True,False,True
Kayden.Schmeler@aol.com,Kayden.Schmeler,aol.com,,15,True,False,False,True,True
lily4321_w@yahoo.com,lily4321_w,yahoo.com,1943.0,10,False,False,True,False,True
Ross.Rutherford@tutanota.com,Ross.Rutherford,tutanota.com,,15,True,False,False,True,True
liam2573@gmail.com,liam2573,gmail.com,1925.0,8,False,False,False,False,False
hannah.adams@gmail.com,hannah.adams,gmail.com,,12,True,False,False,False,True
julia.doe4321@sub.domain.com,julia.doe4321,sub.domain.com,1943.0,13,True,False,False,False,True
Reyes_Ondricka@mail.com,Reyes_Ondricka,mail.com,,14,False,False,True,True,True
Moses90@mail.com,Moses90,mail.com,1990.0,7,False,False,False,True,False
Nathen.Boehm@protonmail.com,Nathen.Boehm,protonmail.com,,12,True,False,False,True,True
lily_kelly1986@gmail.com,lily_kelly1986,gmail.com,1986.0,14,False,False,True,False,True
john2001@gmail.com,john2001,gmail.com,2001.0,8,False,False,False,False,False
Zora_Goodwin@outlook.com,Zora_Goodwin,outlook.com,,12,False,False,True,True,True
emma.king@icloud.com,emma.king,icloud.com,,9,True,False,False,False,True
amanda2003_watson@icloud.com,amanda2003_watson,icloud.com,2003.0,17,False,False,True,False,True
Francesco_DAmore-Purdy45@gmail.com,Francesco_DAmore-Purdy45,gmail.com,1945.0,24,False,True,True,True,True
Domenico.Jacobs35@gmail.com,Domenico.Jacobs35,gmail.com,1935.0,17,True,False,False,True,True
Shaun_Wisoky-Lockman23@protonmail.com,Shaun_Wisoky-Lockman23,protonmail.com,1923.0,22,False,True,True,True,True
ethan2000_sanders@protonmail.com,ethan2000_sanders,protonmail.com,2000.0,17,False,False,True,False,True
ethan.hughes01@protonmail.com,ethan.hughes01,protonmail.com,2001.0,14,True,False,False,False,True
george.johnson@aol.com,george.johnson,aol.com,,14,True,False,False,False,True
sarah.wilson@gmail.com,sarah.wilson,gmail.com,,12,True,False,False,False,True
jason_barnes87690@gmail.com,jason_barnes87690,gmail.com,1987.0,17,False,False,True,False,True
laura.howard1753@gmail.com,laura.howard1753,gmail.com,1975.0,16,True,False,False,False,True
susan.cook@yahoo.com,susan.cook,yahoo.com,,10,True,False,False,False,True
Toney.Leffler87@yahoo.com,Toney.Leffler87,yahoo.com,1987.0,15,True,False,False,True,True
ethan_white2002@protonmail.com,ethan_white2002,protonmail.com,2002.0,15,False,False,True,False,True
megan1993_scott@aol.com,megan1993_scott,aol.com,1993.0,15,False,False,True,False,True
Tre_Rau96@tutanota.com,Tre_Rau96,tutanota.com,1996.0,9,False,False,True,True,True
jacob_hall1985@gmail.com,jacob_hall1985,gmail.com,1985.0,14,False,False,True,False,True
Johann_Gleason20@aol.com,Johann_Gleason20,aol.com,1920.0,16,False,False,True,True,True
Eva35@protonmail.com,Eva35,protonmail.com,1935.0,5,False,False,False,True,False
eliza.howard@gmail.com,eliza.howard,gmail.com,,12,True,False,False,False,True
chris1991_walker@gmail.com,chris1991_walker,gmail.com,1991.0,16,False,False,True,False,True
amanda_king1999@hotmail.com,amanda_king1999,hotmail.com,1999.0,15,False,False,True,False,True
rachel.murphy@aol.com,rachel.murphy,aol.com,,13,True,False,False,False,True
james_brown1985@gmail.com,james_brown1985,gmail.com,1985.0,15,False,False,True,False,True
Renee_Bradtke@tutanota.com,Renee_Bradtke,tutanota.com,,13,False,False,True,True,True
olivia_smith99991@yahoo.com,olivia_smith99991,yahoo.com,1999.0,17,False,False,True,False,True
Victoria.Jast@gmail.com,Victoria.Jast,gmail.com,,13,True,False,False,True,True
madison90_flash@outlook.com,madison90_flash,outlook.com,1990.0,15,False,False,True,False,True
Nicolette82@protonmail.com,Nicolette82,protonmail.com,1982.0,11,False,False,False,True,False
charles@davis@gmail.com,charles@davis,gmail.com,,13,False,False,False,False,True
grace_wilson4501@gmail.com,grace_wilson4501,gmail.com,1945.0,16,False,False,True,False,True
Helmer.Lockman72@yahoo.com,Helmer.Lockman72,yahoo.com,1972.0,16,True,False,False,True,True
Kevon93@yahoo.com,Kevon93,yahoo.com,1993.0,7,False,False,False,True,False
laura.foster@icloud.com,laura.foster,icloud.com,,12,True,False,False,False,True
Birdie_Kuvalis89@outlook.com,Birdie_Kuvalis89,outlook.com,1989.0,16,False,False,True,True,True
olivia.smith999@yahoo.com,olivia.smith999,yahoo.com,1999.0,15,True,False,False,False,True
Elias47@aol.com,Elias47,aol.com,1947.0,7,False,False,False,True,False
laura_baker12345@icloud.com,laura_baker12345,icloud.com,1923.0,16,False,False,True,False,True
logan2005_bryant@outlook.com,logan2005_bryant,outlook.com,2005.0,16,False,False,True,False,True
Zaria_Ebert-Glover38@aol.com,Zaria_Ebert-Glover38,aol.com,1938.0,20,False,True,True,True,True
mason1999_watson@hotmail.com,mason1999_watson,hotmail.com,1999.0,16,False,False,True,False,True
james.morgan@icloud.com,james.morgan,icloud.com,,12,True,False,False,False,True
samantha.miller96@gmail.com,samantha.miller96,gmail.com,1996.0,17,True,False,False,False,True
Gaston_Schuppe-Ryan@protonmail.com,Gaston_Schuppe-Ryan,protonmail.com,,19,False,True,True,True,True
nathan2000_patel@aol.com,nathan2000_patel,aol.com,2000.0,16,False,False,True,False,True
Helena_Bartoletti@aol.com,Helena_Bartoletti,aol.com,,17,False,False,True,True,True
carter_hughes2002@gmail.com,carter_hughes2002,gmail.com,2002.0,17,False,False,True,False,True
Ransom.Turcotte-Heaney97@gmail.com,Ransom.Turcotte-Heaney97,gmail.com,1997.0,24,True,True,False,True,True
susan.green@yahoo.com,susan.green,yahoo.com,,11,True,False,False,False,True
george.baker@hotmail.com,george.baker,hotmail.com,,12,True,False,False,False,True
david.mitchell@gmail.com,david.mitchell,gmail.com,,14,True,False,False,False,True
logan1982_brooks@gmail.com,logan1982_brooks,gmail.com,1982.0,16,False,False,True,False,True
george.harris@yahoo.com,george.harris,yahoo.com,,13,True,False,False,False,True
hannah.adams@gmail.com,hannah.adams,gmail.com,,12,True,False,False,False,True
william.moore@outlook.com,william.moore,outlook.com,,13,True,False,False,False,True
t.jones1997@hotmail.com,t.jones1997,hotmail.com,1997.0,11,True,False,False,False,True
benjamin_1782.johnson@college.edu,benjamin_1782.johnson,college.edu,1978.0,21,True,False,True,False,True
emily56_gleam@outlook.com,emily56_gleam,outlook.com,1956.0,13,False,False,True,False,True
sophia.wilson@yahoo.com,sophia.wilson,yahoo.com,,13,True,False,False,False,True
Leonardo_Osinski@gmail.com,Leonardo_Osinski,gmail.com,,16,False,False,True,True,True
joseph.clark@outlook.com,joseph.clark,outlook.com,,12,True,False,False,False,True
Barry.Hahn64@icloud.com,Barry.Hahn64,icloud.com,1964.0,12,True,False,False,True,True
anthony.evans@protonmail.com,anthony.evans,protonmail.com,,13,True,False,False,False,True
sophia.3452@gmail.com,sophia.3452,gmail.com,1934.0,11,True,False,False,False,True
hannah.bryant@aol.com,hannah.bryant,aol.com,,13,True,False,False,False,True
Brandt20@icloud.com,Brandt20,icloud.com,1920.0,8,False,False,False,True,False
emily2000_smith@outlook.com,emily2000_smith,outlook.com,2000.0,15,False,False,True,False,True
thomas.hall1688@gmail.com,thomas.hall1688,gmail.com,1968.0,15,True,False,False,False,True
hailey.price39@protonmail.com,hailey.price39,protonmail.com,1939.0,14,True,False,False,False,True
Owen_Kutch@aol.com,Owen_Kutch,aol.com,,10,False,False,True,True,True
sophia.evans@yahoo.com,sophia.evans,yahoo.com,,12,True,False,False,False,True
amelia.hughes@outlook.com,amelia.hughes,outlook.com,,13,True,False,False,False,True
victoria.kelly03@protonmail.com,victoria.kelly03,protonmail.com,2003.0,16,True,False,False,False,True
Bobbie_Bins@yahoo.com,Bobbie_Bins,yahoo.com,,11,False,False,True,True,True
mary.miller@gmail.com,mary.miller,gmail.com,,11,True,False,False,False,True
Birdie_Lesch85@gmail.com,Birdie_Lesch85,gmail.com,1985.0,14,False,False,True,True,True
alexis_perez1989@gmail.com,alexis_perez1989,gmail.com,1989.0,16,False,False,True,False,True
ethan89_fire@protonmail.com,ethan89_fire,protonmail.com,1989.0,12,False,False,True,False,True
Lexi.Jerde@protonmail.com,Lexi.Jerde,protonmail.com,,10,True,False,False,True,True
laura.james@gmail.com,laura.james,gmail.com,,11,True,False,False,False,True
lily_long1985@yahoo.com,lily_long1985,yahoo.com,1985.0,13,False,False,True,False,True
jane.baker1728@gmail.com,jane.baker1728,gmail.com,1972.0,14,True,False,False,False,True
rachel1995_w@yahoo.com,rachel1995_w,yahoo.com,1995.0,12,False,False,True,False,True
kelly.brown93@protonmail.com,kelly.brown93,protonmail.com,1993.0,13,True,False,False,False,True
Xander.Johns95@protonmail.com,Xander.Johns95,protonmail.com,1995.0,14,True,False,False,True,True
james.jones00@gmail.com,james.jones00,gmail.com,2000.0,13,True,False,False,False,True
olivia1230_lee@gmail.com,olivia1230_lee,gmail.com,1923.0,14,False,False,True,False,True
laura.anderson@icloud.com,laura.anderson,icloud.com,,14,True,False,False,False,True
matthew58_glow@gmail.com,matthew58_glow,gmail.com,1958.0,14,False,False,True,False,True
Carroll_Armstrong92@mail.com,Carroll_Armstrong92,mail.com,1992.0,19,False,False,True,True,True
emily.smith94@gmail.com,emily.smith94,gmail.com,1994.0,13,True,False,False,False,True
Ewell_Donnelly45@aol.com,Ewell_Donnelly45,aol.com,1945.0,16,False,False,True,True,True
Maya.Hilll@gmail.com,Maya.Hilll,gmail.com,,10,True,False,False,True,True
anthony.evans@protonmail.com,anthony.evans,protonmail.com,,13,True,False,False,False,True
ethan.hughes01@protonmail.com,ethan.hughes01,protonmail.com,2001.0,14,True,False,False,False,True
Nathen.Boehm@protonmail.com,Nathen.Boehm,protonmail.com,,12,True,False,False,True,True
Conor_OKeefe@outlook.com,Conor_OKeefe,outlook.com,,12,False,False,True,True,True
matthew.davis01@hotmail.com,matthew.davis01,hotmail.com,2001.0,15,True,False,False,False,True
jason.brown85@gmail.com,jason.brown85,gmail.com,1985.0,13,True,False,False,False,True
sophia.evans@yahoo.com,sophia.evans,yahoo.com,,12,True,False,False,False,True
mark_wilson4500@yahoo.com,mark_wilson4500,yahoo.com,1945.0,15,False,False,True,False,True
Lonnie_Kulas@gmail.com,Lonnie_Kulas,gmail.com,,12,False,False,True,True,True
joseph.scott1736@gmail.com,joseph.scott1736,gmail.com,1973.0,16,True,False,False,False,True
Renee.Simonis23@tutanota.com,Renee.Simonis23,tutanota.com,1923.0,15,True,False,False,True,True
amelia.gray1746@gmail.com,amelia.gray1746,gmail.com,1974.0,15,True,False,False,False,True
victoria_morris1990@gmail.com,victoria_morris1990,gmail.com,1990.0,19,False,False,True,False,True
victoria.kelly03@protonmail.com,victoria.kelly03,protonmail.com,2003.0,16,True,False,False,False,True
Gardner0@gmail.com,Gardner0,gmail.com,,8,False,False,False,True,False
carter_james9999@hotmail.com,carter_james9999,hotmail.com,1999.0,16,False,False,True,False,True
lucy.hill@yahoo.com,lucy.hill,yahoo.com,,9,True,False,False,False,True
joshua99_bright@gmail.com,joshua99_bright,gmail.com,1999.0,15,False,False,True,False,True
Howell73@tutanota.com,Howell73,tutanota.com,1973.0,8,False,False,False,True,False
nathan.jones@protonmail.com,nathan.jones,protonmail.com,,12,True,False,False,False,True
elizabeth.walker@protonmail.com,elizabeth.walker,protonmail.com,,16,True,False,False,False,True
peter.smith@aol.com,peter.smith,aol.com,,11,True,False,False,False,True
Nayeli_Schinner16@protonmail.com,Nayeli_Schinner16,protonmail.com,,17,False,False,True,True,True
Genevieve_Sawayn-Kunde79@gmail.com,Genevieve_Sawayn-Kunde79,gmail.com,1979.0,24,False,True,True,True,True
chris.lee69@hotmail.com,chris.lee69,hotmail.com,1969.0,11,True,False,False,False,True
Hilario.Steuber@aol.com,Hilario.Steuber,aol.com,,15,True,False,False,True,True
Maude_Donnelly@protonmail.com,Maude_Donnelly,protonmail.com,,14,False,False,True,True,True
ella8901@protonmail.com,ella8901,protonmail.com,1989.0,8,False,False,False,False,False
Willie.Lemke5@gmail.com,Willie.Lemke5,gmail.com,,13,True,False,False,True,True
Cayla83@tutanota.com,Cayla83,tutanota.com,1983.0,7,False,False,False,True,False
sophia.james91@gmail.com,sophia.james91,gmail.com,1991.0,14,True,False,False,False,True
Anissa49@aol.com,Anissa49,aol.com,1949.0,8,False,False,False,True,False
logan.brooks12@gmail.com,logan.brooks12,gmail.com,,14,True,False,False,False,True
andrew.james64@hotmail.com,andrew.james64,hotmail.com,1964.0,14,True,False,False,False,True
logan.turner98@outlook.com,logan.turner98,outlook.com,1998.0,14,True,False,False,False,True
nathan.anderson@gmail.com,nathan.anderson,gmail.com,,15,True,False,False,False,True
Deon29@outlook.com,Deon29,outlook.com,1929.0,6,False,False,False,True,False
Delaney_Krajcik@aol.com,Delaney_Krajcik,aol.com,,15,False,False,True,True,True
emma.clark76@icloud.com,emma.clark76,icloud.com,1976.0,12,True,False,False,False,True
abigail32_light@yahoo.com,abigail32_light,yahoo.com,1932.0,15,False,False,True,False,True
grace.hughes@hotmail.com,grace.hughes,hotmail.com,,12,True,False,False,False,True
claire_mitchell2005@gmail.com,claire_mitchell2005,gmail.com,2005.0,19,False,False,True,False,True
amanda61_spark@icloud.com,amanda61_spark,icloud.com,1961.0,14,False,False,True,False,True
robert.clark@outlook.com,robert.clark,outlook.com,,12,True,False,False,False,True
lily1985_butler@yahoo.com,lily1985_butler,yahoo.com,1985.0,15,False,False,True,False,True
Corrine84@gmail.com,Corrine84,gmail.com,1984.0,9,False,False,False,True,False
john.anderson@protonmail.com,john.anderson,protonmail.com,,13,True,False,False,False,True
Raina14@tutanota.com,Raina14,tutanota.com,,7,False,False,False,True,False
sarah.carter@yahoo.com,sarah.carter,yahoo.com,,12,True,False,False,False,True
henry.wright@protonmail.com,henry.wright,protonmail.com,,12,True,False,False,False,True
sarah.miller@protonmail.com,sarah.miller,protonmail.com,,12,True,False,False,False,True
margaret.bell@protonmail.com,margaret.bell,protonmail.com,,13,True,False,False,False,True
karen_hall2003@gmail.com,karen_hall2003,gmail.com,2003.0,14,False,False,True,False,True
Marian.Morar@aol.com,Marian.Morar,aol.com,,12,True,False,False,True,True
samantha.miller96@gmail.com,samantha.miller96,gmail.com,1996.0,17,True,False,False,False,True
Tabitha_Lubowitz94@outlook.com,Tabitha_Lubowitz94,outlook.com,1994.0,18,False,False,True,True,True
victoria2002_kelly@protonmail.com,victoria2002_kelly,protonmail.com,2002.0,18,False,False,True,False,True
simon.harris@aol.com,simon.harris,aol.com,,12,True,False,False,False,True
Melyna15@aol.com,Melyna15,aol.com,,8,False,False,False,True,False
Kelly_Hammes@tutanota.com,Kelly_Hammes,tutanota.com,,12,False,False,True,True,True
michael.wilson@protonmail.com,michael.wilson,protonmail.com,,14,True,False,False,False,True
elizabeth.moore@yahoo.com,elizabeth.moore,yahoo.com,,15,True,False,False,False,True
patrick.bell1773@gmail.com,patrick.bell1773,gmail.com,1977.0,16,True,False,False,False,True
kathy2000_b@outlook.com,kathy2000_b,outlook.com,2000.0,11,False,False,True,False,True
matthew_green1984@gmail.com,matthew_green1984,gmail.com,1984.0,17,False,False,True,False,True
lily49_bright@protonmail.com,lily49_bright,protonmail.com,1949.0,13,False,False,True,False,True
claire_watson1998@gmail.com,claire_watson1998,gmail.com,1998.0,17,False,False,True,False,True
Orlo67@tutanota.com,Orlo67,tutanota.com,1967.0,6,False,False,False,True,False
madison.butler89@outlook.com,madison.butler89,outlook.com,1989.0,16,True,False,False,False,True
isabella4329@hotmail.com,isabella4329,hotmail.com,1943.0,12,False,False,False,False,False
sarah_miller2000@gmail.com,sarah_miller2000,gmail.com,2000.0,16,False,False,True,False,True
dylan_sanders1984@gmail.com,dylan_sanders1984,gmail.com,1984.0,17,False,False,True,False,True
hannah.smith@protonmail.com,hannah.smith,protonmail.com,,12,True,False,False,False,True
Kallie_Schuppe@aol.com,Kallie_Schuppe,aol.com,,14,False,False,True,True,True
madison_butler6789@outlook.com,madison_butler6789,outlook.com,1967.0,18,False,False,True,False,True
Jacquelyn21@aol.com,Jacquelyn21,aol.com,1921.0,11,False,False,False,True,False
Demetrius.Kris@outlook.com,Demetrius.Kris,outlook.com,,14,True,False,False,True,True
dorothy.gray@protonmail.com,dorothy.gray,protonmail.com,,12,True,False,False,False,True
catherine.jones@aol.com,catherine.jones,aol.com,,15,True,False,False,False,True
nathan.moore@icloud.com,nathan.moore,icloud.com,,12,True,False,False,False,True
Jonas.Bruen9@gmail.com,Jonas.Bruen9,gmail.com,,12,True,False,False,True,True
claire.harris87@outlook.com,claire.harris87,outlook.com,1987.0,15,True,False,False,False,True
henry1234.smith@outlook.com,henry1234.smith,outlook.com,1923.0,15,True,False,False,False,True
lucy.adams@icloud.com,lucy.adams,icloud.com,,10,True,False,False,False,True
laura38_glint@gmail.com,laura38_glint,gmail.com,1938.0,13,False,False,True,False,True
Viviane.Schimmel33@gmail.com,Viviane.Schimmel33,gmail.com,1933.0,18,True,False,False,True,True
Marilou.Koepp55@mail.com,Marilou.Koepp55,mail.com,1955.0,15,True,False,False,True,True
Liliana.Hoppe25@tutanota.com,Liliana.Hoppe25,tutanota.com,1925.0,15,True,False,False,True,True
madison_henderson1981@gmail.com,madison_henderson1981,gmail.com,1981.0,21,False,False,True,False,True
alexis.cooper92@gmail.com,alexis.cooper92,gmail.com,1992.0,15,True,False,False,False,True
paul.simmons1761@gmail.com,paul.simmons1761,gmail.com,1976.0,16,True,False,False,False,True
ryan.watson01@hotmail.com,ryan.watson01,hotmail.com,2001.0,13,True,False,False,False,True
margaret.anderson@hotmail.com,margaret.anderson,hotmail.com,,17,True,False,False,False,True
Bonnie5@gmail.com,Bonnie5,gmail.com,,7,False,False,False,True,False
jessica1997_evans@gmail.com,jessica1997_evans,gmail.com,1997.0,17,False,False,True,False,True
nathan.martin04@gmail.com,nathan.martin04,gmail.com,2004.0,15,True,False,False,False,True
charles.davis1776@gmail.com,charles.davis1776,gmail.com,1977.0,17,True,False,False,False,True
john_1987doe@gmail.com,john_1987doe,gmail.com,1987.0,12,False,False,True,False,True
matthew.adams85@icloud.com,matthew.adams85,icloud.com,1985.0,15,True,False,False,False,True
william.wright@outlook.com,william.wright,outlook.com,,14,True,False,False,False,True
Torrey19@mail.com,Torrey19,mail.com,,8,False,False,False,True,False
Al10@protonmail.com,Al10,protonmail.com,,4,False,False,False,True,False
laura_1992.brown@.company.co.uk,laura_1992.brown,.company.co.uk,1992.0,16,True,False,True,False,True
samuel.evans1730@gmail.com,samuel.evans1730,gmail.com,1973.0,16,True,False,False,False,True
Madalyn_Schroeder66@outlook.com,Madalyn_Schroeder66,outlook.com,1966.0,19,False,False,True,True,True
daniel.phillips@hotmail.com,daniel.phillips,hotmail.com,,15,True,False,False,False,True
Evan93@yahoo.com,Evan93,yahoo.com,1993.0,6,False,False,False,True,False
Kadin.Kutch@aol.com,Kadin.Kutch,aol.com,,11,True,False,False,True,True
Claud_Boyle81@aol.com,Claud_Boyle81,aol.com,1981.0,13,False,False,True,True,True
Wanda74@outlook.com,Wanda74,outlook.com,1974.0,7,False,False,False,True,False
anna.hall87@yahoo.com,anna.hall87,yahoo.com,1987.0,11,True,False,False,False,True
paul.davis@yahoo.com,paul.davis,yahoo.com,,10,True,False,False,False,True
john.anderson@protonmail.com,john.anderson,protonmail.com,,13,True,False,False,False,True
Rosario_Jaskolski94@protonmail.com,Rosario_Jaskolski94,protonmail.com,1994.0,19,False,False,True,True,True
kevin.sanders89@gmail.com,kevin.sanders89,gmail.com,1989.0,15,True,False,False,False,True
Gerald.Carroll68@mail.com,Gerald.Carroll68,mail.com,1968.0,16,True,False,False,True,True
jason.brown85@gmail.com,jason.brown85,gmail.com,1985.0,13,True,False,False,False,True
nicholas_phillips1982@gmail.com,nicholas_phillips1982,gmail.com,1982.0,21,False,False,True,False,True
Antwon.Harvey@protonmail.com,Antwon.Harvey,protonmail.com,,13,True,False,False,True,True
tom_clark.6543@mail.service.com,tom_clark.6543,mail.service.com,1965.0,14,True,False,True,False,True
anna65_burn@hotmail.com,anna65_burn,hotmail.com,1965.0,11,False,False,True,False,True
Arnold12@tutanota.com,Arnold12,tutanota.com,,8,False,False,False,True,False
michael_davis1988@gmail.com,michael_davis1988,gmail.com,1988.0,17,False,False,True,False,True
robert.carter@hotmail.com,robert.carter,hotmail.com,,13,True,False,False,False,True
victoria1998_carter@yahoo.com,victoria1998_carter,yahoo.com,1998.0,19,False,False,True,False,True
emma.watson1821@gmail.com,emma.watson1821,gmail.com,1982.0,15,True,False,False,False,True
jasmine_ross2004@gmail.com,jasmine_ross2004,gmail.com,2004.0,16,False,False,True,False,True
james.clark@yahoo.com,james.clark,yahoo.com,,11,True,False,False,False,True
1994_kathy_jones@icloud.com,1994_kathy_jones,icloud.com,1994.0,16,False,False,True,False,True
ethan27_heat@yahoo.com,ethan27_heat,yahoo.com,1927.0,12,False,False,True,False,True
Eldora_Simonis@tutanota.com,Eldora_Simonis,tutanota.com,,14,False,False,True,True,True
catherine.davis@gmail.com,catherine.davis,gmail.com,,15,True,False,False,False,True
mason74_fire@hotmail.com,mason74_fire,hotmail.com,1974.0,12,False,False,True,False,True
david2005_king@hotmail.com,david2005_king,hotmail.com,2005.0,14,False,False,True,False,True
Christina23@protonmail.com,Christina23,protonmail.com,1923.0,11,False,False,False,True,False
emily_jones1992@gmail.com,emily_jones1992,gmail.com,1992.0,15,False,False,True,False,True
chris.lee69@hotmail.com,chris.lee69,hotmail.com,1969.0,11,True,False,False,False,True
Verlie53@gmail.com,Verlie53,gmail.com,1953.0,8,False,False,False,True,False
Kurt72@yahoo.com,Kurt72,yahoo.com,1972.0,6,False,False,False,True,False
abigail_powell3456@yahoo.com,abigail_powell3456,yahoo.com,1934.0,18,False,False,True,False,True
luke2003@protonmail.com,luke2003,protonmail.com,2003.0,8,False,False,False,False,False
ryan_williams2001@gmail.com,ryan_williams2001,gmail.com,2001.0,17,False,False,True,False,True
william.moore@icloud.com,william.moore,icloud.com,,13,True,False,False,False,True
margaret.davis@outlook.com,margaret.davis,outlook.com,,14,True,False,False,False,True
Dillan52@icloud.com,Dillan52,icloud.com,1952.0,8,False,False,False,True,False
Lauren.Waelchi41@gmail.com,Lauren.Waelchi41,gmail.com,1941.0,16,True,False,False,True,True
Tanya.Watsica@gmail.com,Tanya.Watsica,gmail.com,,13,True,False,False,True,True
anna2004_jones@hotmail.com,anna2004_jones,hotmail.com,2004.0,14,False,False,True,False,True
jacob1986_baker@gmail.com,jacob1986_baker,gmail.com,1986.0,15,False,False,True,False,True
amanda1989_roberts@hotmail.com,amanda1989_roberts,hotmail.com,1989.0,18,False,False,True,False,True
katherine.hill@outlook.com,katherine.hill,outlook.com,,14,True,False,False,False,True
william.morris@icloud.com,william.morris,icloud.com,,14,True,False,False,False,True
emma_adams2000@gmail.com,emma_adams2000,gmail.com,2000.0,14,False,False,True,False,True
charles.wilson@aol.com,charles.wilson,aol.com,,14,True,False,False,False,True
Rhoda67@gmail.com,Rhoda67,gmail.com,1967.0,7,False,False,False,True,False
Hollis96@gmail.com,Hollis96,gmail.com,1996.0,8,False,False,False,True,False
Alvah.Carter@tutanota.com,Alvah.Carter,tutanota.com,,12,True,False,False,True,True
hannah.baker@yahoo.com,hannah.baker,yahoo.com,,12,True,False,False,False,True
Jackson.Kuhic41@protonmail.com,Jackson.Kuhic41,protonmail.com,1941.0,15,True,False,False,True,True
lucas7812@outlook.com,lucas7812,outlook.com,1978.0,9,False,False,False,False,False
robert.walker@aol.com,robert.walker,aol.com,,13,True,False,False,False,True
mary.cook@outlook.com,mary.cook,outlook.com,,9,True,False,False,False,True
dylan.richards83@gmail.com,dylan.richards83,gmail.com,1983.0,16,True,False,False,False,True
abigail.powell56@yahoo.com,abigail.powell56,yahoo.com,1956.0,16,True,False,False,False,True
Delilah_Bernier-Wintheiser@yahoo.com,Delilah_Bernier-Wintheiser,yahoo.com,,26,False,True,True,True,True
Aida.Hermiston@outlook.com,Aida.Hermiston,outlook.com,,14,True,False,False,True,True
hailey_bryant1983@gmail.com,hailey_bryant1983,gmail.com,1983.0,17,False,False,True,False,True
Alphonso.Schowalter51@gmail.com,Alphonso.Schowalter51,gmail.com,1951.0,21,True,False,False,True,True
adam_price1987@gmail.com,adam_price1987,gmail.com,1987.0,14,False,False,True,False,True
paul.cook@icloud.com,paul.cook,icloud.com,,9,True,False,False,False,True
l.green2001@protonmail.com,l.green2001,protonmail.com,2001.0,11,True,False,False,False,True
Willis17@gmail.com,Willis17,gmail.com,,8,False,False,False,True,False
Alexane45@aol.com,Alexane45,aol.com,1945.0,9,False,False,False,True,False
Jermain_Dach61@gmail.com,Jermain_Dach61,gmail.com,1961.0,14,False,False,True,True,True
Dorris.Lueilwitz@tutanota.com,Dorris.Lueilwitz,tutanota.com,,16,True,False,False,True,True
Hassan.OReilly23@outlook.com,Hassan.OReilly23,outlook.com,1923.0,16,True,False,False,True,True
alexis1993_cooper@gmail.com,alexis1993_cooper,gmail.com,1993.0,17,False,False,True,False,True
Soledad_Daniel75@gmail.com,Soledad_Daniel75,gmail.com,1975.0,16,False,False,True,True,True
dorothy.phillips1784@gmail.com,dorothy.phillips1784,gmail.com,1978.0,20,True,False,False,False,True
betty_1994hill@icloud.com,betty_1994hill,icloud.com,1994.0,14,False,False,True,False,True
mary.bryant@outlook.com,mary.bryant,outlook.com,,11,True,False,False,False,True
anna.harris1829@gmail.com,anna.harris1829,gmail.com,1982.0,15,True,False,False,False,True
emma.jones@gmail.com,emma.jones,gmail.com,,10,True,False,False,False,True
5432_tina_jones@icloud.com,5432_tina_jones,icloud.com,1954.0,15,False,False,True,False,True
Fae71@tutanota.com,Fae71,tutanota.com,1971.0,5,False,False,False,True,False
margaret.harris@outlook.com,margaret.harris,outlook.com,,15,True,False,False,False,True
mason9904@icloud.com,mason9904,icloud.com,1999.0,9,False,False,False,False,False
james.wilson1805@gmail.com,james.wilson1805,gmail.com,1980.0,16,True,False,False,False,True
Delilah_Bernier-Wintheiser@yahoo.com,Delilah_Bernier-Wintheiser,yahoo.com,,26,False,True,True,True,True
nathan.jones@protonmail.com,nathan.jones,protonmail.com,,12,True,False,False,False,True
alice.evans@icloud.com,alice.evans,icloud.com,,11,True,False,False,False,True
george.green@hotmail.com,george.green,hotmail.com,,12,True,False,False,False,True
olivia_johnson1991@gmail.com,olivia_johnson1991,gmail.com,1991.0,18,False,False,True,False,True
Percy92@protonmail.com,Percy92,protonmail.com,1992.0,7,False,False,False,True,False
lee_michael1989@yahoo.com,lee_michael1989,yahoo.com,1989.0,15,False,False,True,False,True
charles.davis@aol.com,charles.davis,aol.com,,13,True,False,False,False,True
Jayson.Kohler@tutanota.com,Jayson.Kohler,tutanota.com,,13,True,False,False,True,True
Arlene.Kuphal@protonmail.com,Arlene.Kuphal,protonmail.com,,13,True,False,False,True,True
chris.roberts96@gmail.com,chris.roberts96,gmail.com,1996.0,15,True,False,False,False,True
claire.harris87@outlook.com,claire.harris87,outlook.com,1987.0,15,True,False,False,False,True
anna_hall1987@yahoo.com,anna_hall1987,yahoo.com,1987.0,13,False,False,True,False,True
logan95_flicker@outlook.com,logan95_flicker,outlook.com,1995.0,15,False,False,True,False,True
nancy.baker@outlook.com,nancy.baker,outlook.com,,11,True,False,False,False,True
susan.jackson1768@gmail.com,susan.jackson1768,gmail.com,1976.0,17,True,False,False,False,True
mary.moore1657@gmail.com,mary.moore1657,gmail.com,1965.0,14,True,False,False,False,True
catherine.lewis1815@gmail.com,catherine.lewis1815,gmail.com,1981.0,19,True,False,False,False,True
kelly1997@yahoo.com,kelly1997,yahoo.com,1997.0,9,False,False,False,False,False
johnson.michael90@yahoo.com,johnson.michael90,yahoo.com,1990.0,17,True,False,False,False,True
Annabell20@tutanota.com,Annabell20,tutanota.com,1920.0,10,False,False,False,True,False
daniel.scott80@outlook.com,daniel.scott80,outlook.com,1980.0,14,True,False,False,False,True
Breanne74@gmail.com,Breanne74,gmail.com,1974.0,9,False,False,False,True,False
Herminia.Brekke@gmail.com,Herminia.Brekke,gmail.com,,15,True,False,False,True,True
william1988.smith@outlook.com,william1988.smith,outlook.com,1988.0,17,True,False,False,False,True
Nikolas54@outlook.com,Nikolas54,outlook.com,1954.0,9,False,False,False,True,False
samantha_miller1996@gmail.com,samantha_miller1996,gmail.com,1996.0,19,False,False,True,False,True
sophia.anderson@protonmail.com,sophia.anderson,protonmail.com,,15,True,False,False,False,True
Harvey.Ullrich@tutanota.com,Harvey.Ullrich,tutanota.com,,14,True,False,False,True,True
hannah.phillips@hotmail.com,hannah.phillips,hotmail.com,,15,True,False,False,False,True
Amber.Bogisich21@gmail.com,Amber.Bogisich21,gmail.com,1921.0,16,True,False,False,True,True
jessica_evans2004@gmail.com,jessica_evans2004,gmail.com,2004.0,17,False,False,True,False,True
Destini63@tutanota.com,Destini63,tutanota.com,1963.0,9,False,False,False,True,False
james.lewis@protonmail.com,james.lewis,protonmail.com,,11,True,False,False,False,True
samantha14_gleam@icloud.com,samantha14_gleam,icloud.com,,16,False,False,True,False,True
Dario.Hilpert@gmail.com,Dario.Hilpert,gmail.com,,13,True,False,False,True,True
mary.bell@icloud.com,mary.bell,icloud.com,,9,True,False,False,False,True
Carolina.Hoppe80@gmail.com,Carolina.Hoppe80,gmail.com,1980.0,16,True,False,False,True,True
tyler_long1993@gmail.com,tyler_long1993,gmail.com,1993.0,14,False,False,True,False,True
nancy.morris@yahoo.com,nancy.morris,yahoo.com,,12,True,False,False,False,True
andrew.adams1790@gmail.com,andrew.adams1790,gmail.com,1979.0,16,True,False,False,False,True
britney2002@icloud.com,britney2002,icloud.com,2002.0,11,False,False,False,False,False
Sierra43@outlook.com,Sierra43,outlook.com,1943.0,8,False,False,False,True,False
hannah.thomas@outlook.com,hannah.thomas,outlook.com,,13,True,False,False,False,True
john.smith1750@gmail.com,john.smith1750,gmail.com,1975.0,14,True,False,False,False,True
peter.morgan1669@gmail.com,peter.morgan1669,gmail.com,1966.0,16,True,False,False,False,True
charles.green@hotmail.com,charles.green,hotmail.com,,13,True,False,False,False,True
isaac.hughes1658@gmail.com,isaac.hughes1658,gmail.com,1965.0,16,True,False,False,False,True
robert.turner54@protonmail.com,robert.turner54,protonmail.com,1954.0,15,True,False,False,False,True
Matt_Lesch87@aol.com,Matt_Lesch87,aol.com,1987.0,12,False,False,True,True,True
andrew97_flame@gmail.com,andrew97_flame,gmail.com,1997.0,14,False,False,True,False,True
Odie.Greenholt69@aol.com,Odie.Greenholt69,aol.com,1969.0,16,True,False,False,True,True
patricia.bailey@yahoo.com,patricia.bailey,yahoo.com,,15,True,False,False,False,True
zoe.bryant19@aol.com,zoe.bryant19,aol.com,,12,True,False,False,False,True
ethan.white02@protonmail.com,ethan.white02,protonmail.com,2002.0,13,True,False,False,False,True
michael.adams@gmail.com,michael.adams,gmail.com,,13,True,False,False,False,True
Hertha_VonRueden@aol.com,Hertha_VonRueden,aol.com,,16,False,False,True,True,True
ryan_cooper2001@gmail.com,ryan_cooper2001,gmail.com,2001.0,15,False,False,True,False,True
simon.adams@gmail.com,simon.adams,gmail.com,,11,True,False,False,False,True
Mathilde2@gmail.com,Mathilde2,gmail.com,,9,False,False,False,True,False
jason.lee77@yahoo.com,jason.lee77,yahoo.com,1977.0,11,True,False,False,False,True
Jedidiah_Glover9@gmail.com,Jedidiah_Glover9,gmail.com,,16,False,False,True,True,True
nathan.brown@icloud.com,nathan.brown,icloud.com,,12,True,False,False,False,True
madison.butler89@outlook.com,madison.butler89,outlook.com,1989.0,16,True,False,False,False,True
Roel37@yahoo.com,Roel37,yahoo.com,1937.0,6,False,False,False,True,False
laura.walker@protonmail.com,laura.walker,protonmail.com,,12,True,False,False,False,True
Marianna_Pfeffer@gmail.com,Marianna_Pfeffer,gmail.com,,16,False,False,True,True,True
Soledad_Rau76@protonmail.com,Soledad_Rau76,protonmail.com,1976.0,13,False,False,True,True,True
Chanelle71@outlook.com,Chanelle71,outlook.com,1971.0,10,False,False,False,True,False
lily.thompson57@aol.com,lily.thompson57,aol.com,1957.0,15,True,False,False,False,True
kevin_brooks1997@gmail.com,kevin_brooks1997,gmail.com,1997.0,16,False,False,True,False,True
Reymundo.Bayer93@aol.com,Reymundo.Bayer93,aol.com,1993.0,16,True,False,False,True,True
Alfonzo_Hermiston72@yahoo.com,Alfonzo_Hermiston72,yahoo.com,1972.0,19,False,False,True,True,True
mia_smith7890@gmail.com,mia_smith7890,gmail.com,1978.0,13,False,False,True,False,True
zoe27_flame@aol.com,zoe27_flame,aol.com,1927.0,11,False,False,True,False,True
dylan_richards1983@gmail.com,dylan_richards1983,gmail.com,1983.0,18,False,False,True,False,True
Aiden81@gmail.com,Aiden81,gmail.com,1981.0,7,False,False,False,True,False
hailey.sanders67@gmail.com,hailey.sanders67,gmail.com,1967.0,16,True,False,False,False,True
chris92_shine@gmail.com,chris92_shine,gmail.com,1992.0,13,False,False,True,False,True
michael1998@hotmail.com,michael1998,hotmail.com,1998.0,11,False,False,False,False,False
matthew.roberts@protonmail.com,matthew.roberts,protonmail.com,,15,True,False,False,False,True
Bobbie_Bins@yahoo.com,Bobbie_Bins,yahoo.com,,11,False,False,True,True,True
Beatrice.Block@tutanota.com,Beatrice.Block,tutanota.com,,14,True,False,False,True,True
robert_turner87654@protonmail.com,robert_turner87654,protonmail.com,1987.0,18,False,False,True,False,True
Romaine79@outlook.com,Romaine79,outlook.com,1979.0,9,False,False,False,True,False
sophia.roberts@protonmail.com,sophia.roberts,protonmail.com,,14,True,False,False,False,True
Thea65@yahoo.com,Thea65,yahoo.com,1965.0,6,False,False,False,True,False
david.king1810@gmail.com,david.king1810,gmail.com,1981.0,14,True,False,False,False,True
Vidal_Wintheiser@gmail.com,Vidal_Wintheiser,gmail.com,,16,False,False,True,True,True
Korey39@icloud.com,Korey39,icloud.com,1939.0,7,False,False,False,True,False
Sierra43@outlook.com,Sierra43,outlook.com,1943.0,8,False,False,False,True,False
charles.mitchell@icloud.com,charles.mitchell,icloud.com,,16,True,False,False,False,True
amanda.williams56@icloud.com,amanda.williams56,icloud.com,1956.0,17,True,False,False,False,True
margaret@anderson@hotmail.com,margaret@anderson,hotmail.com,,17,False,False,False,False,True
Guadalupe_Schiller-Renner79@gmail.com,Guadalupe_Schiller-Renner79,gmail.com,1979.0,27,False,True,True,True,True
ava_6657@aol.com,ava_6657,aol.com,1966.0,8,False,False,True,False,True
Daphney91@gmail.com,Daphney91,gmail.com,1991.0,9,False,False,False,True,False
Ross5@gmail.com,Ross5,gmail.com,,5,False,False,False,True,False
henry.jackson@yahoo.com,henry.jackson,yahoo.com,,13,True,False,False,False,True
Earl72@aol.com,Earl72,aol.com,1972.0,6,False,False,False,True,False
tyler1995_hayes@gmail.com,tyler1995_hayes,gmail.com,1995.0,15,False,False,True,False,True
Darrion.Corkery@gmail.com,Darrion.Corkery,gmail.com,,15,True,False,False,True,True
Lyla.Frami20@yahoo.com,Lyla.Frami20,yahoo.com,1920.0,12,True,False,False,True,True
Greg_Friesen@yahoo.com,Greg_Friesen,yahoo.com,,12,False,False,True,True,True
simon.peters@hotmail.com,simon.peters,hotmail.com,,12,True,False,False,False,True
joshua_bell2000@gmail.com,joshua_bell2000,gmail.com,2000.0,15,False,False,True,False,True
Ruthe.Toy@tutanota.com,Ruthe.Toy,tutanota.com,,9,True,False,False,True,True
martha.wright@yahoo.com,martha.wright,yahoo.com,,13,True,False,False,False,True
daniel.cook1817@gmail.com,daniel.cook1817,gmail.com,1981.0,15,True,False,False,False,True
Giovani_Bechtelar@gmail.com,Giovani_Bechtelar,gmail.com,,17,False,False,True,True,True
madeline25_spark@aol.com,madeline25_spark,aol.com,1925.0,16,False,False,True,False,True
grace.hughes@hotmail.com,grace.hughes,hotmail.com,,12,True,False,False,False,True
grace92_anderson@protonmail.com,grace92_anderson,protonmail.com,1992.0,16,False,False,True,False,True
Marshall_Upton32@mail.com,Marshall_Upton32,mail.com,1932.0,16,False,False,True,True,True
caleb1996_phillips@icloud.com,caleb1996_phillips,icloud.com,1996.0,18,False,False,True,False,True
Floyd_Lueilwitz@tutanota.com,Floyd_Lueilwitz,tutanota.com,,15,False,False,True,True,True
